epoch,step,train_loss_epoch,train_loss_step,val_loss_epoch,val_loss_step
0,49,,0.6910306215286255,,
0,99,,0.5501281023025513,,
0,149,,0.46667659282684326,,
0,199,,0.46327775716781616,,
0,249,,0.38044002652168274,,
0,299,,0.43319234251976013,,
0,349,,0.33517012000083923,,
0,399,,0.4514685571193695,,
0,449,,0.4268210530281067,,
0,499,,0.37182605266571045,,
0,549,,0.331737220287323,,
0,599,,0.3072109520435333,,
0,649,,0.2934524416923523,,
0,699,,0.28977376222610474,,
0,749,,0.29940930008888245,,
0,799,,0.2788771986961365,,
0,849,,0.31999456882476807,,
0,899,,0.29966476559638977,,
0,949,,0.3835088610649109,,
0,999,,0.3484863042831421,,
0,1049,,0.3400624096393585,,
0,1099,,0.41222840547561646,,
0,1149,,0.22635027766227722,,
0,1199,,0.30429238080978394,,
0,1249,,0.3629249334335327,,
0,1299,,0.28655463457107544,,
0,1349,,0.282248318195343,,
0,1399,,0.24473077058792114,,
0,1449,,0.37492603063583374,,
0,1499,,0.3079150915145874,,
0,1549,,0.3261633515357971,,
0,1599,,0.286726713180542,,
0,1649,,0.2991192936897278,,
0,1699,,0.2188456654548645,,
0,1749,,0.3513292074203491,,
0,1799,,0.36406588554382324,,
0,1849,,0.3026408553123474,,
0,1899,,0.3085693120956421,,
0,1949,,0.29318249225616455,,
0,1999,,0.3271963596343994,,
0,2049,,0.32126298546791077,,
0,2099,,0.3242310881614685,,
0,2149,,0.30192023515701294,,
0,2199,,0.26211148500442505,,
0,2249,,0.2936355173587799,,
0,2299,,0.2781713008880615,,
0,2349,,0.2668303847312927,,
0,2399,,0.3426815867424011,,
0,2449,,0.30668145418167114,,
0,2499,,0.28943318128585815,,
0,2549,,0.33467546105384827,,
0,2599,,0.30812397599220276,,
0,2649,,0.2215128093957901,,
0,2699,,0.2844701409339905,,
0,2749,,0.34894734621047974,,
0,2799,,0.2370692640542984,,
0,2849,,0.2711402177810669,,
0,2899,,0.2912341356277466,,
0,2949,,0.23173294961452484,,
0,2999,,0.3097628355026245,,
0,3049,,0.28135615587234497,,
0,3099,,0.3224666118621826,,
0,3149,,0.2491031438112259,,
0,3199,,0.2996419072151184,,
0,3249,,0.24356012046337128,,
0,3299,,0.3043639659881592,,
0,3349,,0.3380270004272461,,
0,3399,,0.21406395733356476,,
0,3449,,0.31718599796295166,,
0,3499,,0.2913012206554413,,
0,3549,,0.40364933013916016,,
0,3599,,0.30602848529815674,,
0,3649,,0.24820837378501892,,
0,3699,,0.2593050003051758,,
0,3749,,0.21309776604175568,,
0,3799,,0.3114432692527771,,
0,3849,,0.22967365384101868,,
0,3899,,0.2601451277732849,,
0,3949,,0.28617650270462036,,
0,3999,,0.19387543201446533,,
0,4049,,0.259918212890625,,
0,4099,,0.23458142578601837,,
0,4149,,0.30318284034729004,,
0,4199,,0.36749404668807983,,
0,4249,,0.24091921746730804,,
0,4299,,0.2515515089035034,,
0,4349,,0.2916092872619629,,
0,4399,,0.24861325323581696,,
0,4449,,0.2915987968444824,,
0,4499,,0.2904348373413086,,
0,4549,,0.2548907995223999,,
0,4599,,0.28757789731025696,,
0,4649,,0.25401195883750916,,
0,4699,,0.2716749310493469,,
0,4749,,0.2846218943595886,,
0,4799,,0.3519909679889679,,
0,4849,,0.2586343586444855,,
0,4899,,0.32806795835494995,,
0,4949,,0.27781572937965393,,
0,4999,,0.26691490411758423,,
0,5049,,0.28161752223968506,,
0,5099,,0.278934121131897,,
0,5149,,0.26247552037239075,,
0,5199,,0.2476748824119568,,
0,5249,,0.29366445541381836,,
0,5299,,0.22428351640701294,,
0,5349,,0.2633405923843384,,
0,5399,,0.3206944465637207,,
0,5449,,0.3565632104873657,,
0,5499,,0.30098748207092285,,
0,5549,,0.3015122413635254,,
0,5599,,0.2712273597717285,,
0,5649,,0.2889493703842163,,
0,5699,,0.3038315176963806,,
0,5749,,0.25949615240097046,,
0,5799,,0.34492236375808716,,
0,5849,,0.270638644695282,,
0,5899,,0.2734367847442627,,
0,5949,,0.29313135147094727,,
0,5999,,0.21818116307258606,,
0,6049,,0.3446529805660248,,
0,6099,,0.3408576548099518,,
0,6149,,0.28452152013778687,,
0,6199,,0.3028627932071686,,
0,6249,,0.2346436083316803,,
0,6299,,0.2814675271511078,,
0,6349,,0.26070719957351685,,
0,6399,,0.2920275032520294,,
0,6449,,0.2427603304386139,,
0,6499,,0.24900951981544495,,
0,6549,,0.30595940351486206,,
0,6599,,0.2745085656642914,,
0,6649,,0.23683184385299683,,
0,6699,,0.3504458963871002,,
0,6749,,0.333800345659256,,
0,6799,,0.31313222646713257,,
0,6849,,0.294025719165802,,
0,6899,,0.2610529661178589,,
0,6949,,0.2513079047203064,,
0,6999,,0.2581220269203186,,
0,7049,,0.2298632264137268,,
0,7099,,0.23723429441452026,,
0,7149,,0.2516063153743744,,
0,7199,,0.2410297691822052,,
0,7249,,0.20736652612686157,,
0,7299,,0.25885653495788574,,
0,7349,,0.35803282260894775,,
0,7399,,0.24698123335838318,,
0,7449,,0.24251589179039001,,
0,7499,,0.2881869077682495,,
0,7549,,0.23343192040920258,,
0,7599,,0.23341375589370728,,
0,7649,,0.2049272656440735,,
0,7699,,0.2786222994327545,,
0,7749,,0.2930944561958313,,
0,7799,,0.2881888747215271,,
0,7849,,0.2868260443210602,,
0,7899,,0.29645195603370667,,
0,7949,,0.2221379280090332,,
0,7999,,0.2595688998699188,,
0,8049,,0.25263214111328125,,
0,8099,,0.27761906385421753,,
0,8149,,0.2978942394256592,,
0,8199,,0.22170765697956085,,
0,8249,,0.29566943645477295,,
0,8299,,0.3351948857307434,,
0,8349,,0.2729276120662689,,
0,8399,,0.2469584196805954,,
0,8449,,0.2926484942436218,,
0,8499,,0.2599838972091675,,
0,8549,,0.27120304107666016,,
0,8599,,0.2737122178077698,,
0,8649,,0.2219354808330536,,
0,8699,,0.27646440267562866,,
0,8749,,0.25054383277893066,,
0,8799,,0.33957725763320923,,
0,8849,,0.2375544011592865,,
0,8899,,0.30373892188072205,,
0,8949,,0.2272501140832901,,
0,8999,,0.3023807406425476,,
0,9049,,0.20598800480365753,,
0,9099,,0.25508835911750793,,
0,9149,,0.3070152997970581,,
0,9199,,0.28735458850860596,,
0,9249,,0.21222341060638428,,
0,9299,,0.2838246822357178,,
0,9349,,0.2069472372531891,,
0,9399,,0.2835024893283844,,
0,9449,,0.23233340680599213,,
0,9499,,0.22539567947387695,,
0,9549,,0.2704673111438751,,
0,9599,,0.24009916186332703,,
0,9649,,0.28423619270324707,,
0,9699,,0.280348539352417,,
0,9749,,0.3161810040473938,,
0,9799,,0.2746866047382355,,
0,9849,,0.265094518661499,,
0,9899,,0.20810560882091522,,
0,9949,,0.22335289418697357,,
0,9999,,0.28785037994384766,,
0,10049,,0.2828070819377899,,
0,10099,,0.20571644604206085,,
0,10149,,0.23048625886440277,,
0,10199,,0.3060992956161499,,
0,10249,,0.2810830771923065,,
0,10299,,0.23762570321559906,,
0,10349,,0.27080580592155457,,
0,10399,,0.28921979665756226,,
0,10449,,0.19403070211410522,,
0,10499,,0.2736983597278595,,
0,10549,,0.26536130905151367,,
0,10599,,0.19814491271972656,,
0,10649,,0.24166814982891083,,
0,10699,,0.3008946478366852,,
0,10749,,0.2769712805747986,,
0,10799,,0.23898200690746307,,
0,10849,,0.2533997893333435,,
0,10899,,0.23737141489982605,,
0,10949,,0.24087688326835632,,
0,10999,,0.2698514461517334,,
0,11049,,0.3008388876914978,,
0,11099,,0.2773618996143341,,
0,11149,,0.3014559745788574,,
0,11199,,0.307364284992218,,
0,11249,,0.2381056398153305,,
0,11299,,0.2250020056962967,,
0,11349,,0.2808973491191864,,
0,11399,,0.25364065170288086,,
0,11449,,0.24201661348342896,,
0,11499,,0.22315353155136108,,
0,11549,,0.3270370364189148,,
0,11599,,0.294386625289917,,
0,11649,,0.2679576277732849,,
0,11699,,0.23676709830760956,,
0,11749,,0.24037215113639832,,
0,11799,,0.30572810769081116,,
,0,,,,0.4128952622413635
,1,,,,0.0939679816365242
,2,,,,0.22654320299625397
,3,,,,0.17509780824184418
,4,,,,0.19678926467895508
,5,,,,0.298772394657135
,6,,,,0.23740389943122864
,7,,,,0.28717041015625
,8,,,,0.4475117623806
,9,,,,0.1748451590538025
,10,,,,0.12304338812828064
,11,,,,0.5520533323287964
,12,,,,0.24877911806106567
,13,,,,0.2897772192955017
,14,,,,0.14978522062301636
,15,,,,0.21577943861484528
,16,,,,0.14282914996147156
,17,,,,0.052153293043375015
,18,,,,0.1062578409910202
,19,,,,0.06773493438959122
,20,,,,0.0711720883846283
,21,,,,0.06014905869960785
,22,,,,0.17383742332458496
,23,,,,0.33613038063049316
,24,,,,0.2630419135093689
,25,,,,0.31786131858825684
,26,,,,0.11397017538547516
,27,,,,0.26340341567993164
,28,,,,0.17340686917304993
,29,,,,0.18785321712493896
,30,,,,0.07895483821630478
,31,,,,0.1630854457616806
,32,,,,0.2807024121284485
,33,,,,0.2331283539533615
,34,,,,0.1220940425992012
,35,,,,0.19264546036720276
,36,,,,0.24405623972415924
,37,,,,0.17805415391921997
,38,,,,0.5195509791374207
,39,,,,0.49276185035705566
,40,,,,0.3302731513977051
,41,,,,0.36499935388565063
,42,,,,0.4501226842403412
,43,,,,0.8126811981201172
,44,,,,0.24781325459480286
,45,,,,0.4312552213668823
,46,,,,0.19386443495750427
,47,,,,0.2716110348701477
,48,,,,0.1623820811510086
,49,,,,0.0816572904586792
,50,,,,0.1947607696056366
,51,,,,0.15674611926078796
,52,,,,0.20396223664283752
,53,,,,0.26523494720458984
,54,,,,0.48466500639915466
,55,,,,0.2317972481250763
,56,,,,0.27779605984687805
,57,,,,0.1620912253856659
,58,,,,0.1839766800403595
,59,,,,0.10714799165725708
,60,,,,0.17485955357551575
,61,,,,0.12041658908128738
,62,,,,0.13487030565738678
,63,,,,0.26587048172950745
,64,,,,0.25601696968078613
,65,,,,0.3279973268508911
,66,,,,0.25069087743759155
,67,,,,0.07207666337490082
,68,,,,0.1395300179719925
,69,,,,0.18084469437599182
,70,,,,0.16946697235107422
,71,,,,0.16101886332035065
,72,,,,0.26197320222854614
,73,,,,0.34805458784103394
,74,,,,0.13843804597854614
,75,,,,0.060383159667253494
,76,,,,0.1881219446659088
,77,,,,0.2554813027381897
,78,,,,0.3897821009159088
,79,,,,0.29836851358413696
,80,,,,0.19971992075443268
,81,,,,0.306698739528656
,82,,,,0.087168850004673
,83,,,,0.12755094468593597
,84,,,,0.10625283420085907
,85,,,,0.15550851821899414
,86,,,,0.12286029756069183
,87,,,,0.3247867226600647
,88,,,,0.4437982439994812
,89,,,,0.1984996199607849
,90,,,,0.7737597227096558
,91,,,,0.24697723984718323
,92,,,,0.3138224482536316
,93,,,,0.19372007250785828
,94,,,,0.18294352293014526
,95,,,,0.20742517709732056
,96,,,,0.2203770875930786
,97,,,,0.10583744943141937
,98,,,,0.17732064425945282
,99,,,,0.05509856343269348
,100,,,,0.07466515898704529
,101,,,,0.23312723636627197
,102,,,,0.2441965788602829
,103,,,,0.3909369707107544
,104,,,,0.2878422737121582
,105,,,,0.27332544326782227
,106,,,,0.31357598304748535
,107,,,,0.19160979986190796
,108,,,,0.3148587942123413
,109,,,,0.11716236919164658
,110,,,,0.16597232222557068
,111,,,,0.2016223669052124
,112,,,,0.28389641642570496
,113,,,,0.6943761110305786
,114,,,,0.3550362288951874
,115,,,,0.26763153076171875
,116,,,,0.42271727323532104
,117,,,,0.1454218327999115
,118,,,,0.2880491614341736
,119,,,,0.24910885095596313
,120,,,,0.24708697199821472
,121,,,,0.14295834302902222
,122,,,,0.1354806125164032
,123,,,,0.09294812381267548
,124,,,,0.1949334740638733
,125,,,,0.08374050259590149
,126,,,,0.346709668636322
,127,,,,0.1409657597541809
,128,,,,0.17976704239845276
,129,,,,0.09691175818443298
,130,,,,0.10651721060276031
,131,,,,0.2000492364168167
,132,,,,0.2116725891828537
,133,,,,0.2562238574028015
,134,,,,0.052236393094062805
,135,,,,0.37969446182250977
,136,,,,0.2307019978761673
,137,,,,0.6267061233520508
,138,,,,0.30376315116882324
,139,,,,0.2196192741394043
,140,,,,0.15994146466255188
,141,,,,0.15151415765285492
,142,,,,0.15963679552078247
,143,,,,0.2847914695739746
,144,,,,0.10033070296049118
,145,,,,0.3403324484825134
,146,,,,0.47347286343574524
,147,,,,0.17730417847633362
,148,,,,0.14043834805488586
,149,,,,0.15274813771247864
,150,,,,0.2589559555053711
,151,,,,0.18878471851348877
,152,,,,0.13121306896209717
,153,,,,0.10497396439313889
,154,,,,0.21745619177818298
,155,,,,0.7209850549697876
,156,,,,0.4207652807235718
,157,,,,0.5798478126525879
,158,,,,0.5024185180664062
,159,,,,0.2580064833164215
,160,,,,0.3197253346443176
,161,,,,0.18079404532909393
,162,,,,0.20353129506111145
,163,,,,0.16426625847816467
,164,,,,0.20680491626262665
,165,,,,0.2408842146396637
,166,,,,0.254610538482666
,167,,,,0.22001951932907104
,168,,,,0.1065300703048706
,169,,,,0.4325020909309387
,170,,,,0.0888935774564743
,171,,,,0.18645185232162476
,172,,,,0.2188451588153839
,173,,,,0.14459381997585297
,174,,,,0.05861763656139374
,175,,,,0.5128651857376099
,176,,,,0.36470943689346313
,177,,,,0.19451642036437988
,178,,,,0.255359411239624
,179,,,,0.20580098032951355
,180,,,,0.3099031448364258
,181,,,,0.13545458018779755
,182,,,,0.1742415428161621
,183,,,,0.08514270186424255
,184,,,,0.38376331329345703
,185,,,,0.17920704185962677
,186,,,,0.2297210395336151
,187,,,,0.6014590263366699
,188,,,,0.172193244099617
,189,,,,0.26293107867240906
,190,,,,0.15423767268657684
,191,,,,0.32499173283576965
,192,,,,0.15011222660541534
,193,,,,0.07512235641479492
,194,,,,0.09990376234054565
,195,,,,0.34856656193733215
,196,,,,0.2637760639190674
,197,,,,0.13292652368545532
,198,,,,0.38566333055496216
,199,,,,0.1565546989440918
,200,,,,0.22234483063220978
,201,,,,0.20647703111171722
,202,,,,0.2284265160560608
,203,,,,0.26749512553215027
,204,,,,0.14099934697151184
,205,,,,0.20709314942359924
,206,,,,0.18662871420383453
,207,,,,0.40137356519699097
,208,,,,0.1533779501914978
,209,,,,0.08014117181301117
,210,,,,0.13981220126152039
,211,,,,0.17054235935211182
,212,,,,0.20564574003219604
,213,,,,0.15746290981769562
,214,,,,0.09274114668369293
,215,,,,0.18198654055595398
,216,,,,0.18390828371047974
,217,,,,0.18626080453395844
,218,,,,0.2525451183319092
,219,,,,0.1079656109213829
,220,,,,0.17736278474330902
,221,,,,0.2980372905731201
,222,,,,0.15714037418365479
,223,,,,0.1302512139081955
,224,,,,0.18436741828918457
,225,,,,0.425954669713974
,226,,,,0.11545272916555405
,227,,,,0.898112952709198
,228,,,,0.6899305582046509
,229,,,,0.646697461605072
,230,,,,0.4266909956932068
,231,,,,0.2595040500164032
,232,,,,0.6849789023399353
,233,,,,0.13139604032039642
,234,,,,0.42349615693092346
,235,,,,0.15737366676330566
,236,,,,0.32920801639556885
,237,,,,0.24244558811187744
,238,,,,0.2226523756980896
,239,,,,0.11180992424488068
,240,,,,0.22703039646148682
,241,,,,0.40703514218330383
,242,,,,0.12072590738534927
,243,,,,0.19040419161319733
,244,,,,0.23854902386665344
,245,,,,0.5245229005813599
,246,,,,0.18837344646453857
,247,,,,0.4586648643016815
,248,,,,0.4106783866882324
,249,,,,0.16112187504768372
,250,,,,0.15719671547412872
,251,,,,0.4249716103076935
,252,,,,0.5607692003250122
,253,,,,0.341217577457428
,254,,,,0.09507159888744354
,255,,,,0.24395012855529785
,256,,,,0.28312498331069946
,257,,,,0.10965041816234589
,258,,,,0.15574911236763
,259,,,,0.3767890930175781
,260,,,,0.19750601053237915
,261,,,,0.3543003797531128
,262,,,,0.055531371384859085
,263,,,,0.13198170065879822
,264,,,,0.3555110692977905
,265,,,,0.5134122371673584
,266,,,,0.8032705783843994
,267,,,,0.4221998453140259
,268,,,,0.5333448052406311
,269,,,,0.1643075942993164
,270,,,,0.22999200224876404
,271,,,,0.17326581478118896
,272,,,,0.18479099869728088
,273,,,,0.13327817618846893
,274,,,,0.3091995418071747
,275,,,,0.20594093203544617
,276,,,,0.13470277190208435
,277,,,,0.20013627409934998
,278,,,,0.31554102897644043
,279,,,,0.3515680730342865
,280,,,,0.25075745582580566
,281,,,,0.29835617542266846
,282,,,,0.07733790576457977
,283,,,,0.29520824551582336
,284,,,,0.5442861318588257
,285,,,,0.24044784903526306
,286,,,,0.4728713035583496
,287,,,,0.1190270334482193
,288,,,,0.7833600044250488
,289,,,,0.38863465189933777
,290,,,,0.28113019466400146
,291,,,,0.1989252269268036
,292,,,,0.7135047912597656
,293,,,,0.8222180604934692
,294,,,,0.21752028167247772
,295,,,,0.2222970426082611
,296,,,,0.24007128179073334
,297,,,,0.8797286748886108
,298,,,,0.3855978846549988
,299,,,,0.3688821792602539
,300,,,,0.2879301607608795
,301,,,,0.11071691662073135
,302,,,,0.4768291115760803
,303,,,,0.2827261984348297
,304,,,,0.3347734808921814
,305,,,,0.18679027259349823
,306,,,,0.6916241645812988
,307,,,,0.18709254264831543
,308,,,,0.17290057241916656
,309,,,,0.08638688921928406
,310,,,,0.40194010734558105
,311,,,,0.5167425870895386
,312,,,,0.10458530485630035
,313,,,,0.1273646354675293
,314,,,,0.10393510013818741
,315,,,,0.23002085089683533
,316,,,,0.14854484796524048
,317,,,,0.36322760581970215
,318,,,,0.24481375515460968
,319,,,,0.25242069363594055
,320,,,,0.06052675470709801
,321,,,,0.25072336196899414
,322,,,,0.3560648560523987
,323,,,,0.2830486297607422
,324,,,,0.2512182295322418
,325,,,,0.19213759899139404
,326,,,,0.19887691736221313
,327,,,,0.11479616165161133
,328,,,,0.12410590052604675
,329,,,,0.34060680866241455
,330,,,,0.10505253076553345
,331,,,,0.15279167890548706
,332,,,,0.2181534469127655
,333,,,,0.21328583359718323
,334,,,,0.1274372935295105
,335,,,,0.3357590436935425
,336,,,,0.2873518466949463
,337,,,,0.3080960214138031
,338,,,,0.1750657558441162
,339,,,,0.46092909574508667
,340,,,,0.323509156703949
,341,,,,0.178416907787323
,342,,,,0.6371071934700012
,343,,,,0.20148596167564392
,344,,,,0.14023084938526154
,345,,,,0.11747264117002487
,346,,,,0.06052708253264427
,347,,,,0.06683361530303955
,348,,,,0.1307065635919571
,349,,,,0.1360088288784027
,350,,,,0.2777303159236908
,351,,,,0.27757728099823
,352,,,,0.22962594032287598
,353,,,,0.43486958742141724
,354,,,,0.28079336881637573
,355,,,,0.2859532833099365
,356,,,,0.4075435400009155
,357,,,,0.19455064833164215
,358,,,,0.1503819227218628
,359,,,,0.07733896374702454
,360,,,,0.0794254019856453
,361,,,,0.15006163716316223
,362,,,,0.1623334139585495
,363,,,,0.3958708345890045
,364,,,,0.15295067429542542
,365,,,,0.207148939371109
,366,,,,0.18165242671966553
,367,,,,0.6802163124084473
,368,,,,0.15813852846622467
,369,,,,0.9451212882995605
,370,,,,0.32357311248779297
,371,,,,0.9970011115074158
,372,,,,0.5399124622344971
,373,,,,0.5671975612640381
,374,,,,0.9231362342834473
,375,,,,0.487036794424057
,376,,,,1.0349502563476562
,377,,,,0.2940540015697479
,378,,,,0.3154858350753784
,379,,,,0.15106076002120972
,380,,,,0.19566969573497772
,381,,,,0.20374330878257751
,382,,,,0.407478392124176
,383,,,,0.4519839882850647
,384,,,,0.1979399025440216
,385,,,,0.17125682532787323
,386,,,,0.0824197456240654
,387,,,,0.49544358253479004
,388,,,,0.10486848652362823
,389,,,,0.32983100414276123
,390,,,,0.2385307252407074
,391,,,,0.3459635376930237
,392,,,,0.31094685196876526
,393,,,,0.10645589232444763
,394,,,,0.19108013808727264
,395,,,,0.1695815920829773
,396,,,,0.1412864774465561
,397,,,,0.5582071542739868
,398,,,,0.36585086584091187
,399,,,,0.24924632906913757
,400,,,,0.26725876331329346
,401,,,,0.42455077171325684
,402,,,,0.17726412415504456
,403,,,,0.41900044679641724
,404,,,,0.11265375465154648
,405,,,,0.7145423293113708
,406,,,,0.13811132311820984
,407,,,,0.5273773670196533
,408,,,,0.33242571353912354
,409,,,,0.41345202922821045
,410,,,,0.7591842412948608
,411,,,,0.17380854487419128
,412,,,,0.8421803116798401
,413,,,,0.09003432095050812
,414,,,,0.8217178583145142
,415,,,,0.3489137887954712
,416,,,,0.4968113899230957
,417,,,,0.3359375596046448
,418,,,,0.12279673665761948
,419,,,,0.16307777166366577
,420,,,,0.17649027705192566
,421,,,,0.3195239305496216
,422,,,,0.21148958802223206
,423,,,,0.11380073428153992
,424,,,,0.16958898305892944
,425,,,,0.04224967956542969
,426,,,,0.1038118451833725
,427,,,,0.1302996426820755
,428,,,,0.2515273988246918
,429,,,,0.37313657999038696
,430,,,,0.1422954499721527
,431,,,,0.37311139702796936
,432,,,,0.12016706168651581
,433,,,,0.10995227843523026
,434,,,,0.15510518848896027
,435,,,,0.10679076611995697
,436,,,,0.2950887680053711
,437,,,,0.1353122889995575
,438,,,,0.3276909291744232
,439,,,,0.1205449104309082
,440,,,,0.13061562180519104
,441,,,,0.3754984736442566
,442,,,,0.2458648383617401
,443,,,,0.08090034872293472
,444,,,,0.30131736397743225
,445,,,,0.20915812253952026
,446,,,,0.18464624881744385
,447,,,,0.18076376616954803
,448,,,,0.25473931431770325
,449,,,,0.21094748377799988
,450,,,,0.7009222507476807
,451,,,,0.26091283559799194
,452,,,,0.2330252081155777
,453,,,,0.24863997101783752
,454,,,,0.17939972877502441
,455,,,,0.07776056230068207
,456,,,,0.29186034202575684
,457,,,,0.5657457113265991
,458,,,,0.13179701566696167
,459,,,,0.2950218915939331
,460,,,,0.23150140047073364
,461,,,,0.611221432685852
,462,,,,0.35800349712371826
,463,,,,0.18825647234916687
,464,,,,0.19993072748184204
,465,,,,0.05334746092557907
,466,,,,0.033010333776474
,467,,,,0.05627332627773285
,468,,,,0.06262223422527313
,469,,,,0.038146644830703735
,470,,,,0.05427733063697815
,471,,,,0.058384113013744354
,472,,,,0.2689397931098938
,473,,,,0.13231593370437622
,474,,,,0.0835765153169632
,475,,,,0.26881885528564453
,476,,,,0.10282102227210999
,477,,,,0.21548885107040405
,478,,,,0.10079436004161835
,479,,,,0.11057934910058975
,480,,,,0.04965859651565552
,481,,,,0.2758265733718872
,482,,,,0.2723843455314636
,483,,,,0.1718505322933197
,484,,,,0.4524112641811371
,485,,,,0.18116936087608337
,486,,,,0.14046579599380493
,487,,,,0.44343069195747375
,488,,,,0.43918806314468384
,489,,,,0.09685398638248444
,490,,,,0.3666872978210449
,491,,,,0.38079074025154114
,492,,,,0.19968241453170776
,493,,,,0.3226902484893799
,494,,,,0.07042767852544785
,495,,,,0.17814207077026367
,496,,,,0.0810122862458229
,497,,,,0.07649374008178711
,498,,,,0.03991056978702545
,499,,,,0.12188161164522171
,500,,,,0.046594761312007904
,501,,,,0.06622020900249481
,502,,,,0.13850243389606476
,503,,,,0.06893690675497055
,504,,,,0.0683816522359848
,505,,,,0.09024950861930847
,506,,,,0.16305755078792572
,507,,,,0.2546544075012207
,508,,,,0.34435003995895386
,509,,,,0.2958308756351471
,510,,,,0.2406209260225296
,511,,,,0.3389619290828705
,512,,,,0.33998945355415344
,513,,,,0.12400471419095993
,514,,,,0.5330502986907959
,515,,,,0.37096360325813293
,516,,,,0.27325689792633057
,517,,,,0.566569983959198
,518,,,,0.18944421410560608
,519,,,,0.10252069681882858
,520,,,,0.22042560577392578
,521,,,,0.1936614215373993
,522,,,,0.19176462292671204
,523,,,,0.29855144023895264
,524,,,,0.13438592851161957
,525,,,,0.196365624666214
,526,,,,0.12471143901348114
,527,,,,0.07649722695350647
,528,,,,0.18708249926567078
,529,,,,0.09882539510726929
,530,,,,0.07169022411108017
,531,,,,0.28970611095428467
,532,,,,0.3778739273548126
,533,,,,0.321146160364151
,534,,,,0.11129522323608398
,535,,,,0.2516295611858368
,536,,,,0.10955557227134705
,537,,,,0.22314205765724182
,538,,,,0.2708299160003662
,539,,,,0.0629974752664566
,540,,,,0.056155480444431305
,541,,,,0.05636901780962944
,542,,,,0.28018540143966675
,543,,,,0.44783762097358704
,544,,,,0.2559177279472351
,545,,,,0.06158542260527611
,546,,,,0.4380839169025421
,547,,,,0.3139248192310333
,548,,,,0.21103954315185547
,549,,,,0.23532822728157043
,550,,,,0.19252532720565796
,551,,,,0.34623944759368896
,552,,,,0.3653467297554016
,553,,,,0.2622823119163513
,554,,,,0.27196627855300903
,555,,,,0.16941870748996735
,556,,,,0.25163742899894714
,557,,,,0.22996002435684204
,558,,,,0.8616722822189331
,559,,,,0.29855507612228394
,560,,,,0.15616896748542786
,561,,,,0.43476834893226624
,562,,,,0.1518746316432953
,563,,,,0.4391239285469055
,564,,,,0.3951568007469177
,565,,,,0.1033979058265686
,566,,,,0.1864369660615921
,567,,,,0.5541243553161621
,568,,,,0.10459193587303162
,569,,,,0.35770148038864136
,570,,,,0.12671151757240295
,571,,,,0.12657363712787628
,572,,,,0.10372425615787506
,573,,,,0.3383103609085083
,574,,,,0.22511762380599976
,575,,,,0.27555495500564575
,576,,,,0.13066038489341736
,577,,,,0.30257052183151245
,578,,,,0.12041912227869034
,579,,,,0.36836516857147217
,580,,,,0.27481794357299805
,581,,,,0.6256558299064636
,582,,,,0.3698735237121582
,583,,,,0.20008660852909088
,584,,,,0.23565004765987396
,585,,,,0.6767200827598572
,586,,,,0.4747891426086426
,587,,,,0.15369772911071777
,588,,,,0.3466290831565857
,589,,,,0.3105641007423401
,590,,,,0.2630162537097931
,591,,,,0.4042971134185791
,592,,,,0.14314189553260803
,593,,,,0.6071473360061646
,594,,,,0.25614774227142334
,595,,,,0.5393311381340027
,596,,,,0.275238037109375
,597,,,,0.38192012906074524
,598,,,,0.212280735373497
,599,,,,0.06308769434690475
,600,,,,0.3187819719314575
,601,,,,0.07996764779090881
,602,,,,0.09335751086473465
,603,,,,0.11937890946865082
,604,,,,0.21338793635368347
,605,,,,0.467956006526947
,606,,,,0.23044222593307495
,607,,,,0.2665737271308899
,608,,,,0.22692760825157166
,609,,,,0.2479366958141327
,610,,,,0.08809734880924225
,611,,,,0.06947781145572662
,612,,,,0.07748063653707504
,613,,,,0.04767284542322159
,614,,,,0.33525383472442627
,615,,,,0.22752273082733154
,616,,,,0.2585679590702057
,617,,,,0.2115495800971985
,618,,,,0.2601989507675171
,619,,,,0.30853259563446045
,620,,,,0.2233552783727646
,621,,,,0.16114719212055206
,622,,,,0.041624948382377625
,623,,,,0.28326934576034546
,624,,,,0.2964820861816406
,625,,,,0.13403041660785675
,626,,,,0.29418206214904785
,627,,,,0.2564489543437958
,628,,,,0.17333534359931946
,629,,,,0.0924936980009079
,630,,,,0.104817233979702
,631,,,,0.09389858692884445
,632,,,,0.23704984784126282
,633,,,,0.275343120098114
,634,,,,0.22953006625175476
,635,,,,0.2325151562690735
,636,,,,0.3023187816143036
,637,,,,0.3437216877937317
,638,,,,0.13225972652435303
,639,,,,0.3944932520389557
,640,,,,0.3228433430194855
,641,,,,0.27599701285362244
,642,,,,0.251573771238327
,643,,,,0.23166899383068085
,644,,,,0.2843382656574249
,645,,,,0.2339741289615631
,646,,,,0.3081728219985962
,647,,,,0.6267035603523254
,648,,,,0.1836344301700592
,649,,,,0.43094444274902344
,650,,,,0.34124910831451416
,651,,,,0.11971107870340347
0,11812,,,0.2580992877483368,
0,11812,0.28660884499549866,,,
1,11849,,0.32413250207901,,
1,11899,,0.24556373059749603,,
1,11949,,0.26241037249565125,,
1,11999,,0.18124723434448242,,
1,12049,,0.2684115767478943,,
1,12099,,0.3214801549911499,,
1,12149,,0.234593003988266,,
1,12199,,0.27418196201324463,,
1,12249,,0.2305777221918106,,
1,12299,,0.28474050760269165,,
1,12349,,0.23289412260055542,,
1,12399,,0.23433810472488403,,
1,12449,,0.17314231395721436,,
1,12499,,0.28015413880348206,,
1,12549,,0.28009453415870667,,
1,12599,,0.25446319580078125,,
1,12649,,0.2714618146419525,,
1,12699,,0.3096572756767273,,
1,12749,,0.24599230289459229,,
1,12799,,0.2011815309524536,,
1,12849,,0.2769368290901184,,
1,12899,,0.35188695788383484,,
1,12949,,0.21525686979293823,,
1,12999,,0.27896782755851746,,
1,13049,,0.26820728182792664,,
1,13099,,0.2909289002418518,,
1,13149,,0.33355632424354553,,
1,13199,,0.17762506008148193,,
1,13249,,0.16858506202697754,,
1,13299,,0.24813181161880493,,
1,13349,,0.20683085918426514,,
1,13399,,0.2871098220348358,,
1,13449,,0.2889750599861145,,
1,13499,,0.2998480796813965,,
1,13549,,0.2692541778087616,,
1,13599,,0.2670595049858093,,
1,13649,,0.20056238770484924,,
1,13699,,0.28459593653678894,,
1,13749,,0.24159614741802216,,
1,13799,,0.24870014190673828,,
1,13849,,0.18804872035980225,,
1,13899,,0.3264470100402832,,
1,13949,,0.23706869781017303,,
1,13999,,0.2142060101032257,,
1,14049,,0.2671259939670563,,
1,14099,,0.33509963750839233,,
1,14149,,0.18463194370269775,,
1,14199,,0.283532977104187,,
1,14249,,0.2864956855773926,,
1,14299,,0.25771522521972656,,
1,14349,,0.29238513112068176,,
1,14399,,0.26501762866973877,,
1,14449,,0.2537221908569336,,
1,14499,,0.20348167419433594,,
1,14549,,0.30769068002700806,,
1,14599,,0.3026409447193146,,
1,14649,,0.30590274930000305,,
1,14699,,0.2470277100801468,,
1,14749,,0.27709901332855225,,
1,14799,,0.26243382692337036,,
1,14849,,0.21362414956092834,,
1,14899,,0.23716291785240173,,
1,14949,,0.268902063369751,,
1,14999,,0.26677405834198,,
1,15049,,0.2411033809185028,,
1,15099,,0.26696035265922546,,
1,15149,,0.21730640530586243,,
1,15199,,0.2327096313238144,,
1,15249,,0.32366907596588135,,
1,15299,,0.2743254601955414,,
1,15349,,0.23816809058189392,,
1,15399,,0.2770676612854004,,
1,15449,,0.257854163646698,,
1,15499,,0.21540917456150055,,
1,15549,,0.2713034749031067,,
1,15599,,0.17489904165267944,,
1,15649,,0.29687196016311646,,
1,15699,,0.26087766885757446,,
1,15749,,0.29062992334365845,,
1,15799,,0.34228944778442383,,
1,15849,,0.22851982712745667,,
1,15899,,0.25717607140541077,,
1,15949,,0.2803007662296295,,
1,15999,,0.3000979423522949,,
1,16049,,0.2792474627494812,,
1,16099,,0.29712268710136414,,
1,16149,,0.2735232412815094,,
1,16199,,0.25930255651474,,
1,16249,,0.2718612253665924,,
1,16299,,0.2764768600463867,,
1,16349,,0.19860397279262543,,
1,16399,,0.25570040941238403,,
1,16449,,0.23516631126403809,,
1,16499,,0.17662985622882843,,
1,16549,,0.25015878677368164,,
1,16599,,0.2663726806640625,,
1,16649,,0.23257529735565186,,
1,16699,,0.22841748595237732,,
1,16749,,0.24536310136318207,,
1,16799,,0.2703353762626648,,
1,16849,,0.3098001778125763,,
1,16899,,0.3248162865638733,,
1,16949,,0.3582133650779724,,
1,16999,,0.2926894426345825,,
1,17049,,0.2703265845775604,,
1,17099,,0.2296583652496338,,
1,17149,,0.2887907028198242,,
1,17199,,0.26555144786834717,,
1,17249,,0.2953791618347168,,
1,17299,,0.23979544639587402,,
1,17349,,0.2537064552307129,,
1,17399,,0.2974669933319092,,
1,17449,,0.2745833992958069,,
1,17499,,0.22368374466896057,,
1,17549,,0.29372066259384155,,
1,17599,,0.24247440695762634,,
1,17649,,0.21388006210327148,,
1,17699,,0.29009294509887695,,
1,17749,,0.21617746353149414,,
1,17799,,0.24932238459587097,,
1,17849,,0.19493040442466736,,
1,17899,,0.2587692141532898,,
1,17949,,0.3078436255455017,,
1,17999,,0.27385491132736206,,
1,18049,,0.26895496249198914,,
1,18099,,0.24190014600753784,,
1,18149,,0.23519408702850342,,
1,18199,,0.20831748843193054,,
1,18249,,0.251959890127182,,
1,18299,,0.21816474199295044,,
1,18349,,0.2804785966873169,,
1,18399,,0.288282573223114,,
1,18449,,0.21719172596931458,,
1,18499,,0.3193640112876892,,
1,18549,,0.2649822235107422,,
1,18599,,0.26820164918899536,,
1,18649,,0.23692257702350616,,
1,18699,,0.24064181745052338,,
1,18749,,0.2647705376148224,,
1,18799,,0.2848917245864868,,
1,18849,,0.2209714651107788,,
1,18899,,0.26392388343811035,,
1,18949,,0.29746636748313904,,
1,18999,,0.20591405034065247,,
1,19049,,0.22046034038066864,,
1,19099,,0.2317756712436676,,
1,19149,,0.2526685297489166,,
1,19199,,0.2877265214920044,,
1,19249,,0.24451546370983124,,
1,19299,,0.2280949056148529,,
1,19349,,0.24735145270824432,,
1,19399,,0.21075445413589478,,
1,19449,,0.2980055510997772,,
1,19499,,0.28200632333755493,,
1,19549,,0.27836719155311584,,
1,19599,,0.2331903874874115,,
1,19649,,0.22019152343273163,,
1,19699,,0.279315322637558,,
1,19749,,0.2331138253211975,,
1,19799,,0.22509156167507172,,
1,19849,,0.2308865785598755,,
1,19899,,0.2030373513698578,,
1,19949,,0.2510705590248108,,
1,19999,,0.25571826100349426,,
1,20049,,0.3200313448905945,,
1,20099,,0.2946685552597046,,
1,20149,,0.25954532623291016,,
1,20199,,0.22980259358882904,,
1,20249,,0.2729530930519104,,
1,20299,,0.23667478561401367,,
1,20349,,0.2504122257232666,,
1,20399,,0.2087293267250061,,
1,20449,,0.23103651404380798,,
1,20499,,0.27535462379455566,,
1,20549,,0.3063845634460449,,
1,20599,,0.27614831924438477,,
1,20649,,0.2751786708831787,,
1,20699,,0.2264321744441986,,
1,20749,,0.19210365414619446,,
1,20799,,0.23320353031158447,,
1,20849,,0.24066516757011414,,
1,20899,,0.22953970730304718,,
1,20949,,0.2075386643409729,,
1,20999,,0.22953049838542938,,
1,21049,,0.2630666494369507,,
1,21099,,0.2548123598098755,,
1,21149,,0.24911601841449738,,
1,21199,,0.24057693779468536,,
1,21249,,0.26069027185440063,,
1,21299,,0.23508697748184204,,
1,21349,,0.26571452617645264,,
1,21399,,0.29642921686172485,,
1,21449,,0.2108393907546997,,
1,21499,,0.29090529680252075,,
1,21549,,0.30846303701400757,,
1,21599,,0.30349624156951904,,
1,21649,,0.26074475049972534,,
1,21699,,0.24285021424293518,,
1,21749,,0.3524726629257202,,
1,21799,,0.20133405923843384,,
1,21849,,0.2602201998233795,,
1,21899,,0.27023744583129883,,
1,21949,,0.2608850300312042,,
1,21999,,0.20770224928855896,,
1,22049,,0.27907925844192505,,
1,22099,,0.2659951448440552,,
1,22149,,0.24635440111160278,,
1,22199,,0.254107803106308,,
1,22249,,0.199163556098938,,
1,22299,,0.2576943635940552,,
1,22349,,0.24654749035835266,,
1,22399,,0.2914072573184967,,
1,22449,,0.265316367149353,,
1,22499,,0.2580631673336029,,
1,22549,,0.2663845419883728,,
1,22599,,0.2019307017326355,,
1,22649,,0.18043044209480286,,
1,22699,,0.15303215384483337,,
1,22749,,0.2649340331554413,,
1,22799,,0.2666831612586975,,
1,22849,,0.24625550210475922,,
1,22899,,0.2900916337966919,,
1,22949,,0.32019704580307007,,
1,22999,,0.23786410689353943,,
1,23049,,0.2309669405221939,,
1,23099,,0.2964182496070862,,
1,23149,,0.25357702374458313,,
1,23199,,0.26811081171035767,,
1,23249,,0.19245272874832153,,
1,23299,,0.21998953819274902,,
1,23349,,0.2711378335952759,,
1,23399,,0.29906344413757324,,
1,23449,,0.3359813392162323,,
1,23499,,0.24240653216838837,,
1,23549,,0.2610446512699127,,
1,23599,,0.18996240198612213,,
,652,,,,0.4530695080757141
,653,,,,0.09791058301925659
,654,,,,0.2035827338695526
,655,,,,0.17735765874385834
,656,,,,0.2214411497116089
,657,,,,0.3489531874656677
,658,,,,0.2147619128227234
,659,,,,0.28069576621055603
,660,,,,0.4237324595451355
,661,,,,0.2515045404434204
,662,,,,0.13281945884227753
,663,,,,0.4185088276863098
,664,,,,0.21160194277763367
,665,,,,0.25511258840560913
,666,,,,0.13787841796875
,667,,,,0.19534552097320557
,668,,,,0.16852745413780212
,669,,,,0.047343041747808456
,670,,,,0.10297069698572159
,671,,,,0.05554891377687454
,672,,,,0.08600286394357681
,673,,,,0.047927871346473694
,674,,,,0.1355406641960144
,675,,,,0.29190462827682495
,676,,,,0.23817770183086395
,677,,,,0.3397079110145569
,678,,,,0.14036352932453156
,679,,,,0.2706376314163208
,680,,,,0.18293537199497223
,681,,,,0.21353060007095337
,682,,,,0.0447307825088501
,683,,,,0.1785905808210373
,684,,,,0.2343316227197647
,685,,,,0.19593793153762817
,686,,,,0.08358104526996613
,687,,,,0.14701083302497864
,688,,,,0.23145906627178192
,689,,,,0.15944236516952515
,690,,,,0.48233214020729065
,691,,,,0.5209100246429443
,692,,,,0.3408817946910858
,693,,,,0.349742591381073
,694,,,,0.46618396043777466
,695,,,,0.7610353231430054
,696,,,,0.2891780138015747
,697,,,,0.4364863336086273
,698,,,,0.18644379079341888
,699,,,,0.40515899658203125
,700,,,,0.2074691653251648
,701,,,,0.07159905880689621
,702,,,,0.17144650220870972
,703,,,,0.13725557923316956
,704,,,,0.18219947814941406
,705,,,,0.28513646125793457
,706,,,,0.47267693281173706
,707,,,,0.25493720173835754
,708,,,,0.2465481460094452
,709,,,,0.12507295608520508
,710,,,,0.17036786675453186
,711,,,,0.13102106750011444
,712,,,,0.20442360639572144
,713,,,,0.15069934725761414
,714,,,,0.13286146521568298
,715,,,,0.24247968196868896
,716,,,,0.2583242654800415
,717,,,,0.3866378664970398
,718,,,,0.26503175497055054
,719,,,,0.14550995826721191
,720,,,,0.1125836968421936
,721,,,,0.10125681757926941
,722,,,,0.16809700429439545
,723,,,,0.20188136398792267
,724,,,,0.24318231642246246
,725,,,,0.27858465909957886
,726,,,,0.12467381358146667
,727,,,,0.06457855552434921
,728,,,,0.20468592643737793
,729,,,,0.25586405396461487
,730,,,,0.4131318926811218
,731,,,,0.27859944105148315
,732,,,,0.233685702085495
,733,,,,0.3110719323158264
,734,,,,0.10242919623851776
,735,,,,0.1526954174041748
,736,,,,0.11809206753969193
,737,,,,0.21808922290802002
,738,,,,0.10518937557935715
,739,,,,0.27458256483078003
,740,,,,0.39681383967399597
,741,,,,0.20673224329948425
,742,,,,0.681588888168335
,743,,,,0.2734818756580353
,744,,,,0.2411770224571228
,745,,,,0.21566607058048248
,746,,,,0.1657421737909317
,747,,,,0.13932833075523376
,748,,,,0.2528407871723175
,749,,,,0.07920682430267334
,750,,,,0.13212443888187408
,751,,,,0.08508501946926117
,752,,,,0.08737927675247192
,753,,,,0.2192016839981079
,754,,,,0.2140951156616211
,755,,,,0.35842642188072205
,756,,,,0.197416752576828
,757,,,,0.2557774782180786
,758,,,,0.2617555260658264
,759,,,,0.20956024527549744
,760,,,,0.23145538568496704
,761,,,,0.14227260649204254
,762,,,,0.1055373027920723
,763,,,,0.2704309821128845
,764,,,,0.2732318043708801
,765,,,,0.7086086273193359
,766,,,,0.24221253395080566
,767,,,,0.2764900028705597
,768,,,,0.48216909170150757
,769,,,,0.12658540904521942
,770,,,,0.22703221440315247
,771,,,,0.2996770739555359
,772,,,,0.24254217743873596
,773,,,,0.15438157320022583
,774,,,,0.15539580583572388
,775,,,,0.14182215929031372
,776,,,,0.1853746473789215
,777,,,,0.0729738175868988
,778,,,,0.3032374382019043
,779,,,,0.09519593417644501
,780,,,,0.1768435388803482
,781,,,,0.10269566625356674
,782,,,,0.09925299882888794
,783,,,,0.18539369106292725
,784,,,,0.24276362359523773
,785,,,,0.2840053141117096
,786,,,,0.04588714987039566
,787,,,,0.49231576919555664
,788,,,,0.21424348652362823
,789,,,,0.6128332614898682
,790,,,,0.3186233341693878
,791,,,,0.17933836579322815
,792,,,,0.1932656168937683
,793,,,,0.14761781692504883
,794,,,,0.17588724195957184
,795,,,,0.26065605878829956
,796,,,,0.07328099012374878
,797,,,,0.28059500455856323
,798,,,,0.4163822531700134
,799,,,,0.17253166437149048
,800,,,,0.1197899803519249
,801,,,,0.23977415263652802
,802,,,,0.25439655780792236
,803,,,,0.197432741522789
,804,,,,0.195454940199852
,805,,,,0.10026099532842636
,806,,,,0.19967210292816162
,807,,,,0.7371958494186401
,808,,,,0.39021381735801697
,809,,,,0.5043637752532959
,810,,,,0.49170708656311035
,811,,,,0.21149559319019318
,812,,,,0.4217088222503662
,813,,,,0.1165374219417572
,814,,,,0.18560567498207092
,815,,,,0.15359458327293396
,816,,,,0.220158189535141
,817,,,,0.2108045220375061
,818,,,,0.23564165830612183
,819,,,,0.24694207310676575
,820,,,,0.14739128947257996
,821,,,,0.45416074991226196
,822,,,,0.09912752360105515
,823,,,,0.21056455373764038
,824,,,,0.22100099921226501
,825,,,,0.13962507247924805
,826,,,,0.07334483414888382
,827,,,,0.49867671728134155
,828,,,,0.2897319197654724
,829,,,,0.1966247856616974
,830,,,,0.2685028910636902
,831,,,,0.217890202999115
,832,,,,0.2541218400001526
,833,,,,0.09023863822221756
,834,,,,0.1772899478673935
,835,,,,0.10279469192028046
,836,,,,0.37297970056533813
,837,,,,0.1420402228832245
,838,,,,0.2323945164680481
,839,,,,0.503543496131897
,840,,,,0.14419236779212952
,841,,,,0.1814609318971634
,842,,,,0.18381267786026
,843,,,,0.24483713507652283
,844,,,,0.09011107683181763
,845,,,,0.05096961557865143
,846,,,,0.09589575231075287
,847,,,,0.32125747203826904
,848,,,,0.26880502700805664
,849,,,,0.12800836563110352
,850,,,,0.3470498323440552
,851,,,,0.18032516539096832
,852,,,,0.12122004479169846
,853,,,,0.18775774538516998
,854,,,,0.21038487553596497
,855,,,,0.28347525000572205
,856,,,,0.1936214417219162
,857,,,,0.21856719255447388
,858,,,,0.19362947344779968
,859,,,,0.39209163188934326
,860,,,,0.15065473318099976
,861,,,,0.11056390404701233
,862,,,,0.13394899666309357
,863,,,,0.19420528411865234
,864,,,,0.14896003901958466
,865,,,,0.11090625077486038
,866,,,,0.10615137219429016
,867,,,,0.15577001869678497
,868,,,,0.17023369669914246
,869,,,,0.16728657484054565
,870,,,,0.2555586099624634
,871,,,,0.1138860285282135
,872,,,,0.14504313468933105
,873,,,,0.264669269323349
,874,,,,0.17327502369880676
,875,,,,0.1013687252998352
,876,,,,0.19912999868392944
,877,,,,0.38186943531036377
,878,,,,0.07587981969118118
,879,,,,0.8137108087539673
,880,,,,0.6177524924278259
,881,,,,0.6425590515136719
,882,,,,0.3048591613769531
,883,,,,0.2232026308774948
,884,,,,0.5273518562316895
,885,,,,0.22451823949813843
,886,,,,0.24310848116874695
,887,,,,0.12326228618621826
,888,,,,0.25550299882888794
,889,,,,0.21498185396194458
,890,,,,0.2179814577102661
,891,,,,0.10286791622638702
,892,,,,0.25283291935920715
,893,,,,0.3503607213497162
,894,,,,0.09977952390909195
,895,,,,0.20250466465950012
,896,,,,0.20476418733596802
,897,,,,0.47920799255371094
,898,,,,0.10405649244785309
,899,,,,0.45179831981658936
,900,,,,0.4573746919631958
,901,,,,0.1501975953578949
,902,,,,0.2009805589914322
,903,,,,0.4352191090583801
,904,,,,0.5421442985534668
,905,,,,0.4416912794113159
,906,,,,0.12302617728710175
,907,,,,0.26497334241867065
,908,,,,0.18786951899528503
,909,,,,0.08160112798213959
,910,,,,0.10825996100902557
,911,,,,0.27326905727386475
,912,,,,0.2465989887714386
,913,,,,0.37924984097480774
,914,,,,0.11010012030601501
,915,,,,0.12409475445747375
,916,,,,0.31024640798568726
,917,,,,0.46511971950531006
,918,,,,0.6486155986785889
,919,,,,0.3928205370903015
,920,,,,0.45412591099739075
,921,,,,0.12482251971960068
,922,,,,0.1299913227558136
,923,,,,0.08981172740459442
,924,,,,0.10442045331001282
,925,,,,0.05608193948864937
,926,,,,0.34276995062828064
,927,,,,0.11983677744865417
,928,,,,0.1513003706932068
,929,,,,0.21192477643489838
,930,,,,0.33725279569625854
,931,,,,0.3774609863758087
,932,,,,0.25444313883781433
,933,,,,0.2660267949104309
,934,,,,0.0920725017786026
,935,,,,0.30529338121414185
,936,,,,0.4664964973926544
,937,,,,0.23584520816802979
,938,,,,0.3805457353591919
,939,,,,0.07761937379837036
,940,,,,0.6667319536209106
,941,,,,0.30358457565307617
,942,,,,0.34011709690093994
,943,,,,0.1884271800518036
,944,,,,0.6359599828720093
,945,,,,0.6240144371986389
,946,,,,0.1835959255695343
,947,,,,0.23956669867038727
,948,,,,0.20199769735336304
,949,,,,0.7539685964584351
,950,,,,0.28562483191490173
,951,,,,0.30820050835609436
,952,,,,0.2026699334383011
,953,,,,0.07686540484428406
,954,,,,0.32419878244400024
,955,,,,0.22777867317199707
,956,,,,0.20747125148773193
,957,,,,0.16150029003620148
,958,,,,0.6197793483734131
,959,,,,0.13506296277046204
,960,,,,0.1571006029844284
,961,,,,0.11570782214403152
,962,,,,0.39411765336990356
,963,,,,0.38958320021629333
,964,,,,0.11164499819278717
,965,,,,0.16026347875595093
,966,,,,0.12364280968904495
,967,,,,0.16384130716323853
,968,,,,0.14587141573429108
,969,,,,0.3922065496444702
,970,,,,0.27467918395996094
,971,,,,0.272821307182312
,972,,,,0.06078183650970459
,973,,,,0.22523513436317444
,974,,,,0.3249366581439972
,975,,,,0.2851002812385559
,976,,,,0.1842658817768097
,977,,,,0.17296938598155975
,978,,,,0.11678827553987503
,979,,,,0.14819592237472534
,980,,,,0.08605019748210907
,981,,,,0.2484613060951233
,982,,,,0.1349637508392334
,983,,,,0.15655800700187683
,984,,,,0.21213194727897644
,985,,,,0.24851292371749878
,986,,,,0.15014594793319702
,987,,,,0.39457523822784424
,988,,,,0.36493346095085144
,989,,,,0.35034990310668945
,990,,,,0.14002028107643127
,991,,,,0.44950664043426514
,992,,,,0.28211861848831177
,993,,,,0.23132093250751495
,994,,,,0.6147693395614624
,995,,,,0.1430521309375763
,996,,,,0.13394293189048767
,997,,,,0.15855319797992706
,998,,,,0.08949726819992065
,999,,,,0.11046874523162842
,1000,,,,0.10584846884012222
,1001,,,,0.07295665144920349
,1002,,,,0.2425205260515213
,1003,,,,0.2532519996166229
,1004,,,,0.22074472904205322
,1005,,,,0.49785470962524414
,1006,,,,0.24825598299503326
,1007,,,,0.3497229218482971
,1008,,,,0.42424333095550537
,1009,,,,0.22761297225952148
,1010,,,,0.15722724795341492
,1011,,,,0.09086345136165619
,1012,,,,0.10032154619693756
,1013,,,,0.17900748550891876
,1014,,,,0.12234918773174286
,1015,,,,0.34570440649986267
,1016,,,,0.14925339818000793
,1017,,,,0.12175636738538742
,1018,,,,0.16627544164657593
,1019,,,,0.568464457988739
,1020,,,,0.1271224170923233
,1021,,,,0.822102427482605
,1022,,,,0.2561785578727722
,1023,,,,0.9178456664085388
,1024,,,,0.416753351688385
,1025,,,,0.47778552770614624
,1026,,,,0.7339982390403748
,1027,,,,0.38441002368927
,1028,,,,0.7972851991653442
,1029,,,,0.21289224922657013
,1030,,,,0.16087262332439423
,1031,,,,0.08337784558534622
,1032,,,,0.1072220429778099
,1033,,,,0.10491356998682022
,1034,,,,0.37124037742614746
,1035,,,,0.33929023146629333
,1036,,,,0.1552586853504181
,1037,,,,0.15274766087532043
,1038,,,,0.06936918199062347
,1039,,,,0.4230331480503082
,1040,,,,0.10805730521678925
,1041,,,,0.3007638156414032
,1042,,,,0.16270990669727325
,1043,,,,0.3349510133266449
,1044,,,,0.3431409001350403
,1045,,,,0.08996249735355377
,1046,,,,0.13139599561691284
,1047,,,,0.14402565360069275
,1048,,,,0.0957179144024849
,1049,,,,0.5489658117294312
,1050,,,,0.3168225884437561
,1051,,,,0.16960802674293518
,1052,,,,0.2847336530685425
,1053,,,,0.39277002215385437
,1054,,,,0.23998630046844482
,1055,,,,0.3835594356060028
,1056,,,,0.09857616573572159
,1057,,,,0.5896361470222473
,1058,,,,0.13322274386882782
,1059,,,,0.46074071526527405
,1060,,,,0.2330211102962494
,1061,,,,0.36702489852905273
,1062,,,,0.5993521213531494
,1063,,,,0.1471339464187622
,1064,,,,0.690475344657898
,1065,,,,0.0574386790394783
,1066,,,,0.6847119331359863
,1067,,,,0.2611527144908905
,1068,,,,0.39268043637275696
,1069,,,,0.2014767974615097
,1070,,,,0.1334671527147293
,1071,,,,0.06699327379465103
,1072,,,,0.16698259115219116
,1073,,,,0.38521280884742737
,1074,,,,0.1729932576417923
,1075,,,,0.13246379792690277
,1076,,,,0.2424767017364502
,1077,,,,0.08375577628612518
,1078,,,,0.10015182197093964
,1079,,,,0.14130857586860657
,1080,,,,0.25398391485214233
,1081,,,,0.3485378623008728
,1082,,,,0.12758971750736237
,1083,,,,0.3099589943885803
,1084,,,,0.1389104723930359
,1085,,,,0.11224392801523209
,1086,,,,0.22311249375343323
,1087,,,,0.09807761013507843
,1088,,,,0.22732622921466827
,1089,,,,0.15574513375759125
,1090,,,,0.20785880088806152
,1091,,,,0.10107284784317017
,1092,,,,0.11162752658128738
,1093,,,,0.302933007478714
,1094,,,,0.26603811979293823
,1095,,,,0.12001006305217743
,1096,,,,0.3115593194961548
,1097,,,,0.20758599042892456
,1098,,,,0.2209239900112152
,1099,,,,0.2551876902580261
,1100,,,,0.24704214930534363
,1101,,,,0.219762921333313
,1102,,,,0.6226930022239685
,1103,,,,0.2244228720664978
,1104,,,,0.20229603350162506
,1105,,,,0.23214402794837952
,1106,,,,0.17414730787277222
,1107,,,,0.0892205685377121
,1108,,,,0.29247528314590454
,1109,,,,0.5602821707725525
,1110,,,,0.1304360032081604
,1111,,,,0.19811248779296875
,1112,,,,0.1470557153224945
,1113,,,,0.47661158442497253
,1114,,,,0.36058080196380615
,1115,,,,0.14465545117855072
,1116,,,,0.08015701174736023
,1117,,,,0.03893005847930908
,1118,,,,0.03591383993625641
,1119,,,,0.05768255889415741
,1120,,,,0.059036098420619965
,1121,,,,0.04480031877756119
,1122,,,,0.0793597549200058
,1123,,,,0.07252003252506256
,1124,,,,0.17481011152267456
,1125,,,,0.13303348422050476
,1126,,,,0.0500858873128891
,1127,,,,0.18110661208629608
,1128,,,,0.09150219708681107
,1129,,,,0.1844276636838913
,1130,,,,0.11116363108158112
,1131,,,,0.11661070585250854
,1132,,,,0.05364294350147247
,1133,,,,0.2708354890346527
,1134,,,,0.262635201215744
,1135,,,,0.23042476177215576
,1136,,,,0.440060555934906
,1137,,,,0.17281165719032288
,1138,,,,0.12671317160129547
,1139,,,,0.3817445635795593
,1140,,,,0.35117024183273315
,1141,,,,0.12926653027534485
,1142,,,,0.30594220757484436
,1143,,,,0.3444655239582062
,1144,,,,0.17457139492034912
,1145,,,,0.30285775661468506
,1146,,,,0.07444646209478378
,1147,,,,0.199693500995636
,1148,,,,0.10729331523180008
,1149,,,,0.07368838787078857
,1150,,,,0.03966962546110153
,1151,,,,0.10836513340473175
,1152,,,,0.06435160338878632
,1153,,,,0.07560219615697861
,1154,,,,0.144675150513649
,1155,,,,0.07967693358659744
,1156,,,,0.06087017059326172
,1157,,,,0.07553381472826004
,1158,,,,0.18941771984100342
,1159,,,,0.32028424739837646
,1160,,,,0.34085601568222046
,1161,,,,0.3193191885948181
,1162,,,,0.2141302525997162
,1163,,,,0.2564292550086975
,1164,,,,0.269602507352829
,1165,,,,0.24596066772937775
,1166,,,,0.46773242950439453
,1167,,,,0.38083940744400024
,1168,,,,0.2872961163520813
,1169,,,,0.4565908908843994
,1170,,,,0.17078441381454468
,1171,,,,0.09356793761253357
,1172,,,,0.21675309538841248
,1173,,,,0.15929540991783142
,1174,,,,0.17490065097808838
,1175,,,,0.2986314296722412
,1176,,,,0.1277865469455719
,1177,,,,0.22365261614322662
,1178,,,,0.11308255046606064
,1179,,,,0.10772901773452759
,1180,,,,0.22779741883277893
,1181,,,,0.15831437706947327
,1182,,,,0.06464448571205139
,1183,,,,0.24371856451034546
,1184,,,,0.3717460632324219
,1185,,,,0.27574557065963745
,1186,,,,0.07404348254203796
,1187,,,,0.24369770288467407
,1188,,,,0.1131397932767868
,1189,,,,0.20885856449604034
,1190,,,,0.23798701167106628
,1191,,,,0.05331859737634659
,1192,,,,0.0730382427573204
,1193,,,,0.05834253877401352
,1194,,,,0.29986923933029175
,1195,,,,0.4181004762649536
,1196,,,,0.20635542273521423
,1197,,,,0.0731658935546875
,1198,,,,0.38160330057144165
,1199,,,,0.28739625215530396
,1200,,,,0.2747703194618225
,1201,,,,0.2948211431503296
,1202,,,,0.19172737002372742
,1203,,,,0.3248552978038788
,1204,,,,0.3278169333934784
,1205,,,,0.25203874707221985
,1206,,,,0.24754180014133453
,1207,,,,0.14957883954048157
,1208,,,,0.3215796947479248
,1209,,,,0.26474666595458984
,1210,,,,0.8441578149795532
,1211,,,,0.27960655093193054
,1212,,,,0.13203883171081543
,1213,,,,0.3866569399833679
,1214,,,,0.11058905720710754
,1215,,,,0.42355024814605713
,1216,,,,0.37763577699661255
,1217,,,,0.08115911483764648
,1218,,,,0.15896150469779968
,1219,,,,0.486270010471344
,1220,,,,0.05482234060764313
,1221,,,,0.3014587163925171
,1222,,,,0.13096198439598083
,1223,,,,0.11751341819763184
,1224,,,,0.12554147839546204
,1225,,,,0.3602195382118225
,1226,,,,0.20877091586589813
,1227,,,,0.2525883913040161
,1228,,,,0.17689597606658936
,1229,,,,0.3006042242050171
,1230,,,,0.13236206769943237
,1231,,,,0.3377431333065033
,1232,,,,0.24799372255802155
,1233,,,,0.6715614199638367
,1234,,,,0.371539831161499
,1235,,,,0.18346145749092102
,1236,,,,0.2513859272003174
,1237,,,,0.6446565389633179
,1238,,,,0.5318701267242432
,1239,,,,0.17282810807228088
,1240,,,,0.4202161431312561
,1241,,,,0.2543649673461914
,1242,,,,0.2540923058986664
,1243,,,,0.3533569872379303
,1244,,,,0.14318770170211792
,1245,,,,0.5368003845214844
,1246,,,,0.27457359433174133
,1247,,,,0.46394625306129456
,1248,,,,0.2149350941181183
,1249,,,,0.43584877252578735
,1250,,,,0.2927379906177521
,1251,,,,0.13690713047981262
,1252,,,,0.40837007761001587
,1253,,,,0.09424133598804474
,1254,,,,0.11082132160663605
,1255,,,,0.18339382112026215
,1256,,,,0.21877619624137878
,1257,,,,0.397408664226532
,1258,,,,0.2216840386390686
,1259,,,,0.2701365649700165
,1260,,,,0.22453472018241882
,1261,,,,0.20986530184745789
,1262,,,,0.1580839604139328
,1263,,,,0.11321508884429932
,1264,,,,0.050531454384326935
,1265,,,,0.07922664284706116
,1266,,,,0.26968812942504883
,1267,,,,0.18352007865905762
,1268,,,,0.2373359501361847
,1269,,,,0.20689073204994202
,1270,,,,0.25155219435691833
,1271,,,,0.23425452411174774
,1272,,,,0.2424723505973816
,1273,,,,0.09087622165679932
,1274,,,,0.08895261585712433
,1275,,,,0.187618225812912
,1276,,,,0.2655174732208252
,1277,,,,0.1501389443874359
,1278,,,,0.3401738107204437
,1279,,,,0.24088528752326965
,1280,,,,0.13151028752326965
,1281,,,,0.05354224890470505
,1282,,,,0.10866114497184753
,1283,,,,0.13580414652824402
,1284,,,,0.1545402705669403
,1285,,,,0.2665998339653015
,1286,,,,0.3008657991886139
,1287,,,,0.26335790753364563
,1288,,,,0.31901511549949646
,1289,,,,0.337370902299881
,1290,,,,0.12476645410060883
,1291,,,,0.36310556530952454
,1292,,,,0.2882618308067322
,1293,,,,0.2195066511631012
,1294,,,,0.2397628128528595
,1295,,,,0.16910532116889954
,1296,,,,0.13149306178092957
,1297,,,,0.06687431037425995
,1298,,,,0.24695196747779846
,1299,,,,0.5274523496627808
,1300,,,,0.12764611840248108
,1301,,,,0.4255330264568329
,1302,,,,0.33641326427459717
,1303,,,,0.09414032846689224
1,23625,,,0.24116136133670807,
1,23625,0.257861852645874,,,
2,23649,,0.23311088979244232,,
2,23699,,0.2453552633523941,,
2,23749,,0.19419842958450317,,
2,23799,,0.2795671224594116,,
2,23849,,0.26718515157699585,,
2,23899,,0.24050551652908325,,
2,23949,,0.21418476104736328,,
2,23999,,0.33991900086402893,,
2,24049,,0.20829468965530396,,
2,24099,,0.25045299530029297,,
2,24149,,0.19944395124912262,,
2,24199,,0.26974496245384216,,
2,24249,,0.21180815994739532,,
2,24299,,0.29729318618774414,,
2,24349,,0.24639596045017242,,
2,24399,,0.23399074375629425,,
2,24449,,0.22556214034557343,,
2,24499,,0.16792675852775574,,
2,24549,,0.30041050910949707,,
2,24599,,0.2510169744491577,,
2,24649,,0.3016277551651001,,
2,24699,,0.2859383225440979,,
2,24749,,0.23151418566703796,,
2,24799,,0.23558560013771057,,
2,24849,,0.2863290309906006,,
2,24899,,0.26343482732772827,,
2,24949,,0.23819850385189056,,
2,24999,,0.2774786353111267,,
2,25049,,0.2980051636695862,,
2,25099,,0.34736084938049316,,
2,25149,,0.32748764753341675,,
2,25199,,0.27117177844047546,,
2,25249,,0.20129980146884918,,
2,25299,,0.2976011335849762,,
2,25349,,0.2699139714241028,,
2,25399,,0.24711744487285614,,
2,25449,,0.2583707571029663,,
2,25499,,0.23021620512008667,,
2,25549,,0.2742747664451599,,
2,25599,,0.2175220549106598,,
2,25649,,0.3138495087623596,,
2,25699,,0.2679409384727478,,
2,25749,,0.2820170521736145,,
2,25799,,0.26208820939064026,,
2,25849,,0.22770480811595917,,
2,25899,,0.25779521465301514,,
2,25949,,0.23041515052318573,,
2,25999,,0.23635868728160858,,
2,26049,,0.26475194096565247,,
2,26099,,0.2601797580718994,,
2,26149,,0.292006254196167,,
2,26199,,0.289287269115448,,
2,26249,,0.3370847702026367,,
2,26299,,0.2796519994735718,,
2,26349,,0.22303973138332367,,
2,26399,,0.31108957529067993,,
2,26449,,0.2724473476409912,,
2,26499,,0.20086205005645752,,
2,26549,,0.28821954131126404,,
2,26599,,0.2733238935470581,,
2,26649,,0.21795693039894104,,
2,26699,,0.29879099130630493,,
2,26749,,0.2746613621711731,,
2,26799,,0.2586836516857147,,
2,26849,,0.29432493448257446,,
2,26899,,0.2136899083852768,,
2,26949,,0.30826908349990845,,
2,26999,,0.3175308108329773,,
2,27049,,0.23238545656204224,,
2,27099,,0.24006009101867676,,
2,27149,,0.23320958018302917,,
2,27199,,0.27195024490356445,,
2,27249,,0.1985023021697998,,
2,27299,,0.20070241391658783,,
2,27349,,0.2401149868965149,,
2,27399,,0.23448936641216278,,
2,27449,,0.21956834197044373,,
2,27499,,0.2550182342529297,,
2,27549,,0.26138055324554443,,
2,27599,,0.2377699613571167,,
2,27649,,0.22581824660301208,,
2,27699,,0.24539287388324738,,
2,27749,,0.26662391424179077,,
2,27799,,0.24038884043693542,,
2,27849,,0.2724058926105499,,
2,27899,,0.20599021017551422,,
2,27949,,0.1971265822649002,,
2,27999,,0.2662517726421356,,
2,28049,,0.24125294387340546,,
2,28099,,0.2038717418909073,,
2,28149,,0.23833444714546204,,
2,28199,,0.2281951904296875,,
2,28249,,0.2168482542037964,,
2,28299,,0.2688438892364502,,
2,28349,,0.251472145318985,,
2,28399,,0.24478940665721893,,
2,28449,,0.1929243505001068,,
2,28499,,0.28453290462493896,,
2,28549,,0.22225487232208252,,
2,28599,,0.26218491792678833,,
2,28649,,0.2689816653728485,,
2,28699,,0.25806352496147156,,
2,28749,,0.21887703239917755,,
2,28799,,0.22297154366970062,,
2,28849,,0.2578378915786743,,
2,28899,,0.18985380232334137,,
2,28949,,0.226741760969162,,
2,28999,,0.2707479000091553,,
2,29049,,0.23610514402389526,,
2,29099,,0.30083057284355164,,
2,29149,,0.2448735535144806,,
2,29199,,0.2322777509689331,,
2,29249,,0.28600582480430603,,
2,29299,,0.3429550230503082,,
2,29349,,0.20544679462909698,,
2,29399,,0.249410480260849,,
2,29449,,0.22683078050613403,,
2,29499,,0.2225136011838913,,
2,29549,,0.32591870427131653,,
2,29599,,0.23114003241062164,,
2,29649,,0.28272098302841187,,
2,29699,,0.2815262973308563,,
2,29749,,0.2728811204433441,,
2,29799,,0.22357910871505737,,
2,29849,,0.28751036524772644,,
2,29899,,0.2684430181980133,,
2,29949,,0.24899713695049286,,
2,29999,,0.2461860328912735,,
2,30049,,0.25497370958328247,,
2,30099,,0.22704827785491943,,
2,30149,,0.19462651014328003,,
2,30199,,0.25217875838279724,,
2,30249,,0.24154317378997803,,
2,30299,,0.30986911058425903,,
2,30349,,0.23216551542282104,,
2,30399,,0.23396077752113342,,
2,30449,,0.23730820417404175,,
2,30499,,0.2570222318172455,,
2,30549,,0.27737051248550415,,
2,30599,,0.30697160959243774,,
2,30649,,0.234850212931633,,
2,30699,,0.28036046028137207,,
2,30749,,0.1877654790878296,,
2,30799,,0.20504871010780334,,
2,30849,,0.2615242004394531,,
2,30899,,0.30264443159103394,,
2,30949,,0.2792680859565735,,
2,30999,,0.25797295570373535,,
2,31049,,0.1918015480041504,,
2,31099,,0.2459438145160675,,
2,31149,,0.24123132228851318,,
2,31199,,0.24749033153057098,,
2,31249,,0.2303415834903717,,
2,31299,,0.25745105743408203,,
2,31349,,0.2931225895881653,,
2,31399,,0.23854851722717285,,
2,31449,,0.26519155502319336,,
2,31499,,0.1984524130821228,,
2,31549,,0.20355144143104553,,
2,31599,,0.2253430336713791,,
2,31649,,0.26486557722091675,,
2,31699,,0.23988839983940125,,
2,31749,,0.2301999181509018,,
2,31799,,0.2077900469303131,,
2,31849,,0.23289622366428375,,
2,31899,,0.24931444227695465,,
2,31949,,0.21488143503665924,,
2,31999,,0.21667347848415375,,
2,32049,,0.21288064122200012,,
2,32099,,0.2707063555717468,,
2,32149,,0.2572735548019409,,
2,32199,,0.218418151140213,,
2,32249,,0.26239722967147827,,
2,32299,,0.22618001699447632,,
2,32349,,0.24217040836811066,,
2,32399,,0.258818656206131,,
2,32449,,0.27216988801956177,,
2,32499,,0.23216909170150757,,
2,32549,,0.22379344701766968,,
2,32599,,0.2222401350736618,,
2,32649,,0.22643321752548218,,
2,32699,,0.24643456935882568,,
2,32749,,0.23847512900829315,,
2,32799,,0.21995487809181213,,
2,32849,,0.23641283810138702,,
2,32899,,0.23840546607971191,,
2,32949,,0.2368573695421219,,
2,32999,,0.30829814076423645,,
2,33049,,0.21966150403022766,,
2,33099,,0.28004878759384155,,
2,33149,,0.3216019570827484,,
2,33199,,0.27029481530189514,,
2,33249,,0.25942641496658325,,
2,33299,,0.3118196725845337,,
2,33349,,0.22734025120735168,,
2,33399,,0.3413321375846863,,
2,33449,,0.28489965200424194,,
2,33499,,0.31386667490005493,,
2,33549,,0.21154089272022247,,
2,33599,,0.29681938886642456,,
2,33649,,0.2418648898601532,,
2,33699,,0.28380119800567627,,
2,33749,,0.2908317446708679,,
2,33799,,0.26824843883514404,,
2,33849,,0.30053427815437317,,
2,33899,,0.23670457303524017,,
2,33949,,0.23035256564617157,,
2,33999,,0.23268437385559082,,
2,34049,,0.23368246853351593,,
2,34099,,0.18219728767871857,,
2,34149,,0.2574928104877472,,
2,34199,,0.2537821829319,,
2,34249,,0.241256982088089,,
2,34299,,0.24261125922203064,,
2,34349,,0.2543683648109436,,
2,34399,,0.22479936480522156,,
2,34449,,0.19307014346122742,,
2,34499,,0.2363676130771637,,
2,34549,,0.3073560297489166,,
2,34599,,0.19770190119743347,,
2,34649,,0.26341789960861206,,
2,34699,,0.28888723254203796,,
2,34749,,0.27068614959716797,,
2,34799,,0.251190721988678,,
2,34849,,0.24309755861759186,,
2,34899,,0.22628197073936462,,
2,34949,,0.21436619758605957,,
2,34999,,0.27211928367614746,,
2,35049,,0.24804458022117615,,
2,35099,,0.20924542844295502,,
2,35149,,0.3453509211540222,,
2,35199,,0.2621639668941498,,
2,35249,,0.23340804874897003,,
2,35299,,0.2655564546585083,,
2,35349,,0.24134834110736847,,
2,35399,,0.15050336718559265,,
,1304,,,,0.454628050327301
,1305,,,,0.08833086490631104
,1306,,,,0.16795606911182404
,1307,,,,0.1389039158821106
,1308,,,,0.14829027652740479
,1309,,,,0.3047710061073303
,1310,,,,0.23358723521232605
,1311,,,,0.3387758433818817
,1312,,,,0.45144304633140564
,1313,,,,0.21682697534561157
,1314,,,,0.11976330727338791
,1315,,,,0.3726263642311096
,1316,,,,0.15629416704177856
,1317,,,,0.2565295696258545
,1318,,,,0.13861288130283356
,1319,,,,0.17159342765808105
,1320,,,,0.17766501009464264
,1321,,,,0.050265900790691376
,1322,,,,0.07108835875988007
,1323,,,,0.06611299514770508
,1324,,,,0.09959489107131958
,1325,,,,0.05661661922931671
,1326,,,,0.11522242426872253
,1327,,,,0.29332682490348816
,1328,,,,0.23991143703460693
,1329,,,,0.2443351149559021
,1330,,,,0.14276176691055298
,1331,,,,0.2730002701282501
,1332,,,,0.2452126443386078
,1333,,,,0.18452081084251404
,1334,,,,0.09779462218284607
,1335,,,,0.26865652203559875
,1336,,,,0.23466768860816956
,1337,,,,0.1645447313785553
,1338,,,,0.15222123265266418
,1339,,,,0.11572693288326263
,1340,,,,0.13932818174362183
,1341,,,,0.1195610836148262
,1342,,,,0.44547030329704285
,1343,,,,0.5044971704483032
,1344,,,,0.37615767121315
,1345,,,,0.3538612723350525
,1346,,,,0.4954763650894165
,1347,,,,0.7803846597671509
,1348,,,,0.27174800634384155
,1349,,,,0.4792790114879608
,1350,,,,0.18624821305274963
,1351,,,,0.4377383589744568
,1352,,,,0.257916122674942
,1353,,,,0.11338014900684357
,1354,,,,0.19837290048599243
,1355,,,,0.14318975806236267
,1356,,,,0.12306131422519684
,1357,,,,0.2523535490036011
,1358,,,,0.29840564727783203
,1359,,,,0.2294200360774994
,1360,,,,0.2816120982170105
,1361,,,,0.1773531585931778
,1362,,,,0.2484116107225418
,1363,,,,0.18606425821781158
,1364,,,,0.24985137581825256
,1365,,,,0.08654071390628815
,1366,,,,0.15132153034210205
,1367,,,,0.24644038081169128
,1368,,,,0.3094607889652252
,1369,,,,0.4298064112663269
,1370,,,,0.2991650700569153
,1371,,,,0.18659290671348572
,1372,,,,0.08593243360519409
,1373,,,,0.05509394407272339
,1374,,,,0.20359614491462708
,1375,,,,0.23239003121852875
,1376,,,,0.19168376922607422
,1377,,,,0.2550694942474365
,1378,,,,0.1373414546251297
,1379,,,,0.08462778478860855
,1380,,,,0.1970929205417633
,1381,,,,0.1888912469148636
,1382,,,,0.4337058663368225
,1383,,,,0.3139004707336426
,1384,,,,0.23018166422843933
,1385,,,,0.17372074723243713
,1386,,,,0.0948324054479599
,1387,,,,0.19348016381263733
,1388,,,,0.15595342218875885
,1389,,,,0.2769906520843506
,1390,,,,0.18512499332427979
,1391,,,,0.2757694125175476
,1392,,,,0.3197031617164612
,1393,,,,0.1823815107345581
,1394,,,,0.5882555842399597
,1395,,,,0.25378090143203735
,1396,,,,0.18365608155727386
,1397,,,,0.2311476320028305
,1398,,,,0.2054031640291214
,1399,,,,0.1780274212360382
,1400,,,,0.23761896789073944
,1401,,,,0.08048940449953079
,1402,,,,0.0762011706829071
,1403,,,,0.05855260789394379
,1404,,,,0.086540587246418
,1405,,,,0.2668599486351013
,1406,,,,0.2424437403678894
,1407,,,,0.40358471870422363
,1408,,,,0.24263697862625122
,1409,,,,0.2962040901184082
,1410,,,,0.36029672622680664
,1411,,,,0.22972740232944489
,1412,,,,0.24662238359451294
,1413,,,,0.17599600553512573
,1414,,,,0.07421118021011353
,1415,,,,0.23213450610637665
,1416,,,,0.24397850036621094
,1417,,,,0.6425987482070923
,1418,,,,0.2594741880893707
,1419,,,,0.29909437894821167
,1420,,,,0.4599451422691345
,1421,,,,0.30952179431915283
,1422,,,,0.23624607920646667
,1423,,,,0.3959639072418213
,1424,,,,0.2533147931098938
,1425,,,,0.21953460574150085
,1426,,,,0.23076587915420532
,1427,,,,0.1455664038658142
,1428,,,,0.2923770844936371
,1429,,,,0.09639282524585724
,1430,,,,0.374586820602417
,1431,,,,0.12235904484987259
,1432,,,,0.26798486709594727
,1433,,,,0.11292097717523575
,1434,,,,0.15446987748146057
,1435,,,,0.26461198925971985
,1436,,,,0.29496055841445923
,1437,,,,0.2806960940361023
,1438,,,,0.10737234354019165
,1439,,,,0.6387920379638672
,1440,,,,0.21244603395462036
,1441,,,,0.5136774778366089
,1442,,,,0.23154202103614807
,1443,,,,0.171536386013031
,1444,,,,0.17176494002342224
,1445,,,,0.17035311460494995
,1446,,,,0.23421034216880798
,1447,,,,0.22265468537807465
,1448,,,,0.1891406923532486
,1449,,,,0.27730727195739746
,1450,,,,0.4204694926738739
,1451,,,,0.19401413202285767
,1452,,,,0.1671086847782135
,1453,,,,0.38849738240242004
,1454,,,,0.25946956872940063
,1455,,,,0.24901682138442993
,1456,,,,0.22785770893096924
,1457,,,,0.25734639167785645
,1458,,,,0.15078920125961304
,1459,,,,0.8204728364944458
,1460,,,,0.42420560121536255
,1461,,,,0.41402190923690796
,1462,,,,0.4113122224807739
,1463,,,,0.188207745552063
,1464,,,,0.37225276231765747
,1465,,,,0.12347102910280228
,1466,,,,0.20101477205753326
,1467,,,,0.14369577169418335
,1468,,,,0.3032708764076233
,1469,,,,0.2376270294189453
,1470,,,,0.2307669222354889
,1471,,,,0.15267348289489746
,1472,,,,0.1471298635005951
,1473,,,,0.5356205105781555
,1474,,,,0.11661306768655777
,1475,,,,0.2686668634414673
,1476,,,,0.2471281886100769
,1477,,,,0.16657939553260803
,1478,,,,0.05641757696866989
,1479,,,,0.5405222177505493
,1480,,,,0.317486047744751
,1481,,,,0.16189083456993103
,1482,,,,0.21330752968788147
,1483,,,,0.1760803759098053
,1484,,,,0.2512637972831726
,1485,,,,0.10783298313617706
,1486,,,,0.17821311950683594
,1487,,,,0.08643542975187302
,1488,,,,0.413433700799942
,1489,,,,0.187977597117424
,1490,,,,0.2534986138343811
,1491,,,,0.5262779593467712
,1492,,,,0.14819860458374023
,1493,,,,0.24088740348815918
,1494,,,,0.1918320655822754
,1495,,,,0.25449562072753906
,1496,,,,0.09186047315597534
,1497,,,,0.06572668254375458
,1498,,,,0.1167973056435585
,1499,,,,0.3007631301879883
,1500,,,,0.27266186475753784
,1501,,,,0.14174784719944
,1502,,,,0.3917272090911865
,1503,,,,0.1956387609243393
,1504,,,,0.08370718359947205
,1505,,,,0.26373106241226196
,1506,,,,0.2233019471168518
,1507,,,,0.18616071343421936
,1508,,,,0.257360577583313
,1509,,,,0.258588045835495
,1510,,,,0.17202119529247284
,1511,,,,0.466267466545105
,1512,,,,0.1646905243396759
,1513,,,,0.19601742923259735
,1514,,,,0.1686040163040161
,1515,,,,0.26652681827545166
,1516,,,,0.20654016733169556
,1517,,,,0.06322728097438812
,1518,,,,0.18434292078018188
,1519,,,,0.15523302555084229
,1520,,,,0.18665599822998047
,1521,,,,0.14636266231536865
,1522,,,,0.15977665781974792
,1523,,,,0.1243690773844719
,1524,,,,0.13265156745910645
,1525,,,,0.32768213748931885
,1526,,,,0.1529318392276764
,1527,,,,0.2131013423204422
,1528,,,,0.2195034623146057
,1529,,,,0.4241914749145508
,1530,,,,0.08517636358737946
,1531,,,,0.8206961154937744
,1532,,,,0.6263055801391602
,1533,,,,0.6756835579872131
,1534,,,,0.3022373914718628
,1535,,,,0.22391998767852783
,1536,,,,0.5037426352500916
,1537,,,,0.2553230822086334
,1538,,,,0.2177325040102005
,1539,,,,0.12348619103431702
,1540,,,,0.2828012704849243
,1541,,,,0.23450979590415955
,1542,,,,0.1566753089427948
,1543,,,,0.08122232556343079
,1544,,,,0.30117079615592957
,1545,,,,0.41848307847976685
,1546,,,,0.08247541636228561
,1547,,,,0.3182971775531769
,1548,,,,0.25277066230773926
,1549,,,,0.5197588205337524
,1550,,,,0.13466033339500427
,1551,,,,0.4179248809814453
,1552,,,,0.39587754011154175
,1553,,,,0.16923855245113373
,1554,,,,0.2001388669013977
,1555,,,,0.4212111830711365
,1556,,,,0.649282693862915
,1557,,,,0.4400227665901184
,1558,,,,0.22286206483840942
,1559,,,,0.24278441071510315
,1560,,,,0.12944954633712769
,1561,,,,0.12269019335508347
,1562,,,,0.13070519268512726
,1563,,,,0.33136916160583496
,1564,,,,0.2731017470359802
,1565,,,,0.5239728093147278
,1566,,,,0.11567384749650955
,1567,,,,0.19701391458511353
,1568,,,,0.3228163421154022
,1569,,,,0.5128651857376099
,1570,,,,0.6636340022087097
,1571,,,,0.4188125729560852
,1572,,,,0.4784371256828308
,1573,,,,0.1571432650089264
,1574,,,,0.16463491320610046
,1575,,,,0.1276678889989853
,1576,,,,0.12268566340208054
,1577,,,,0.08444453775882721
,1578,,,,0.27643972635269165
,1579,,,,0.1739470660686493
,1580,,,,0.1371791660785675
,1581,,,,0.10658790916204453
,1582,,,,0.3321666121482849
,1583,,,,0.49061381816864014
,1584,,,,0.27015089988708496
,1585,,,,0.18865284323692322
,1586,,,,0.10247498750686646
,1587,,,,0.30212676525115967
,1588,,,,0.4882528781890869
,1589,,,,0.27199769020080566
,1590,,,,0.4273502230644226
,1591,,,,0.08800963312387466
,1592,,,,0.6810392737388611
,1593,,,,0.3013187050819397
,1594,,,,0.317951500415802
,1595,,,,0.18185026943683624
,1596,,,,0.6448346972465515
,1597,,,,0.6141001582145691
,1598,,,,0.2015264928340912
,1599,,,,0.21077512204647064
,1600,,,,0.21494127810001373
,1601,,,,0.7500741481781006
,1602,,,,0.2920304834842682
,1603,,,,0.3504210412502289
,1604,,,,0.21808230876922607
,1605,,,,0.08048984408378601
,1606,,,,0.311013400554657
,1607,,,,0.24010911583900452
,1608,,,,0.20239919424057007
,1609,,,,0.1719479113817215
,1610,,,,0.6515363454818726
,1611,,,,0.1509336233139038
,1612,,,,0.22296208143234253
,1613,,,,0.07504447549581528
,1614,,,,0.4426273703575134
,1615,,,,0.4038843810558319
,1616,,,,0.12177246809005737
,1617,,,,0.191537007689476
,1618,,,,0.12359504401683807
,1619,,,,0.20518095791339874
,1620,,,,0.14951759576797485
,1621,,,,0.28762179613113403
,1622,,,,0.24854476749897003
,1623,,,,0.2941799759864807
,1624,,,,0.046068526804447174
,1625,,,,0.2599189579486847
,1626,,,,0.3453425168991089
,1627,,,,0.25728821754455566
,1628,,,,0.1653689444065094
,1629,,,,0.17800205945968628
,1630,,,,0.16835257411003113
,1631,,,,0.11326809227466583
,1632,,,,0.13828790187835693
,1633,,,,0.30493050813674927
,1634,,,,0.1364322006702423
,1635,,,,0.23173576593399048
,1636,,,,0.2115650475025177
,1637,,,,0.18813014030456543
,1638,,,,0.12580397725105286
,1639,,,,0.3662710189819336
,1640,,,,0.30987870693206787
,1641,,,,0.37992656230926514
,1642,,,,0.19816522300243378
,1643,,,,0.4028046131134033
,1644,,,,0.24818155169487
,1645,,,,0.23727965354919434
,1646,,,,0.5904631018638611
,1647,,,,0.12751856446266174
,1648,,,,0.08267035335302353
,1649,,,,0.13549834489822388
,1650,,,,0.08723956346511841
,1651,,,,0.08244667947292328
,1652,,,,0.1090003252029419
,1653,,,,0.10992948710918427
,1654,,,,0.24254058301448822
,1655,,,,0.17215806245803833
,1656,,,,0.24182148277759552
,1657,,,,0.5458560585975647
,1658,,,,0.2799650728702545
,1659,,,,0.4129617512226105
,1660,,,,0.5241378545761108
,1661,,,,0.246373251080513
,1662,,,,0.1955806314945221
,1663,,,,0.08246368169784546
,1664,,,,0.10919860005378723
,1665,,,,0.17502859234809875
,1666,,,,0.17866063117980957
,1667,,,,0.39423316717147827
,1668,,,,0.22446297109127045
,1669,,,,0.17158612608909607
,1670,,,,0.18733912706375122
,1671,,,,0.5673494338989258
,1672,,,,0.12221093475818634
,1673,,,,0.812165379524231
,1674,,,,0.2655337452888489
,1675,,,,0.9222227334976196
,1676,,,,0.4316793978214264
,1677,,,,0.48761990666389465
,1678,,,,0.6864616274833679
,1679,,,,0.3769010901451111
,1680,,,,0.7444894313812256
,1681,,,,0.2292935848236084
,1682,,,,0.15690456330776215
,1683,,,,0.07711951434612274
,1684,,,,0.08903910219669342
,1685,,,,0.11162097752094269
,1686,,,,0.41303756833076477
,1687,,,,0.40028420090675354
,1688,,,,0.13083718717098236
,1689,,,,0.23739346861839294
,1690,,,,0.055628105998039246
,1691,,,,0.4386271834373474
,1692,,,,0.12835541367530823
,1693,,,,0.35075804591178894
,1694,,,,0.19666022062301636
,1695,,,,0.29649436473846436
,1696,,,,0.29682809114456177
,1697,,,,0.11258118599653244
,1698,,,,0.17128419876098633
,1699,,,,0.15920311212539673
,1700,,,,0.11127942055463791
,1701,,,,0.4874168634414673
,1702,,,,0.3734435737133026
,1703,,,,0.19606426358222961
,1704,,,,0.303361713886261
,1705,,,,0.4142504632472992
,1706,,,,0.24428574740886688
,1707,,,,0.40608978271484375
,1708,,,,0.10056702047586441
,1709,,,,0.6008721590042114
,1710,,,,0.1351228654384613
,1711,,,,0.4696924686431885
,1712,,,,0.23039904236793518
,1713,,,,0.3667277991771698
,1714,,,,0.5870041847229004
,1715,,,,0.15446686744689941
,1716,,,,0.6733047962188721
,1717,,,,0.0529085174202919
,1718,,,,0.6826110482215881
,1719,,,,0.26054146885871887
,1720,,,,0.39956825971603394
,1721,,,,0.2047511339187622
,1722,,,,0.10204502940177917
,1723,,,,0.08260925859212875
,1724,,,,0.1576886922121048
,1725,,,,0.3320401608943939
,1726,,,,0.18755704164505005
,1727,,,,0.13043935596942902
,1728,,,,0.21276399493217468
,1729,,,,0.05144214630126953
,1730,,,,0.1005735695362091
,1731,,,,0.11836472153663635
,1732,,,,0.16961243748664856
,1733,,,,0.3498762845993042
,1734,,,,0.21960332989692688
,1735,,,,0.32780468463897705
,1736,,,,0.13573968410491943
,1737,,,,0.09638521820306778
,1738,,,,0.2571362257003784
,1739,,,,0.08621315658092499
,1740,,,,0.1718480885028839
,1741,,,,0.09850628674030304
,1742,,,,0.22441142797470093
,1743,,,,0.14549967646598816
,1744,,,,0.10245968401432037
,1745,,,,0.23242972791194916
,1746,,,,0.25613969564437866
,1747,,,,0.12969011068344116
,1748,,,,0.26033690571784973
,1749,,,,0.19865719974040985
,1750,,,,0.19908329844474792
,1751,,,,0.2552090287208557
,1752,,,,0.35503101348876953
,1753,,,,0.23834538459777832
,1754,,,,0.5081701278686523
,1755,,,,0.16913476586341858
,1756,,,,0.2042054831981659
,1757,,,,0.23358213901519775
,1758,,,,0.1748780906200409
,1759,,,,0.09540115296840668
,1760,,,,0.27225321531295776
,1761,,,,0.38593119382858276
,1762,,,,0.12225961685180664
,1763,,,,0.17202097177505493
,1764,,,,0.11208892613649368
,1765,,,,0.2992021441459656
,1766,,,,0.24799451231956482
,1767,,,,0.07453978061676025
,1768,,,,0.09914293885231018
,1769,,,,0.09544844180345535
,1770,,,,0.03521426022052765
,1771,,,,0.06794819980859756
,1772,,,,0.06980939209461212
,1773,,,,0.04580729454755783
,1774,,,,0.07239660620689392
,1775,,,,0.07957727462053299
,1776,,,,0.1186855137348175
,1777,,,,0.09337641298770905
,1778,,,,0.09842824935913086
,1779,,,,0.16489236056804657
,1780,,,,0.06858371198177338
,1781,,,,0.2244880050420761
,1782,,,,0.06674496829509735
,1783,,,,0.09426463395357132
,1784,,,,0.10244640707969666
,1785,,,,0.2569524943828583
,1786,,,,0.25732916593551636
,1787,,,,0.26716190576553345
,1788,,,,0.47729063034057617
,1789,,,,0.1655944138765335
,1790,,,,0.17803895473480225
,1791,,,,0.3825550079345703
,1792,,,,0.2952050566673279
,1793,,,,0.0977143943309784
,1794,,,,0.231878399848938
,1795,,,,0.31149768829345703
,1796,,,,0.2071259617805481
,1797,,,,0.30632755160331726
,1798,,,,0.09687893837690353
,1799,,,,0.18018490076065063
,1800,,,,0.11030866205692291
,1801,,,,0.07779836654663086
,1802,,,,0.0522509403526783
,1803,,,,0.11326193809509277
,1804,,,,0.10013613104820251
,1805,,,,0.08834444731473923
,1806,,,,0.12503547966480255
,1807,,,,0.08509921282529831
,1808,,,,0.04535485431551933
,1809,,,,0.036875270307064056
,1810,,,,0.15353411436080933
,1811,,,,0.31890344619750977
,1812,,,,0.3245115578174591
,1813,,,,0.31161195039749146
,1814,,,,0.18543919920921326
,1815,,,,0.20415529608726501
,1816,,,,0.28642401099205017
,1817,,,,0.22134223580360413
,1818,,,,0.4905894994735718
,1819,,,,0.41570550203323364
,1820,,,,0.26464641094207764
,1821,,,,0.39268505573272705
,1822,,,,0.1264917552471161
,1823,,,,0.15006208419799805
,1824,,,,0.23512378334999084
,1825,,,,0.19907310605049133
,1826,,,,0.13717731833457947
,1827,,,,0.22671525180339813
,1828,,,,0.0914672315120697
,1829,,,,0.2260301411151886
,1830,,,,0.11682900786399841
,1831,,,,0.1378941386938095
,1832,,,,0.24992822110652924
,1833,,,,0.14382404088974
,1834,,,,0.04021672531962395
,1835,,,,0.25469905138015747
,1836,,,,0.3945963978767395
,1837,,,,0.2527201175689697
,1838,,,,0.03679412603378296
,1839,,,,0.23967286944389343
,1840,,,,0.10418403148651123
,1841,,,,0.22662895917892456
,1842,,,,0.2556283473968506
,1843,,,,0.0667264312505722
,1844,,,,0.07327491044998169
,1845,,,,0.06804836541414261
,1846,,,,0.2977992296218872
,1847,,,,0.3961714804172516
,1848,,,,0.2464246153831482
,1849,,,,0.0574122816324234
,1850,,,,0.3393601179122925
,1851,,,,0.23489169776439667
,1852,,,,0.26237422227859497
,1853,,,,0.2152116447687149
,1854,,,,0.1412760615348816
,1855,,,,0.25992488861083984
,1856,,,,0.3201507329940796
,1857,,,,0.2526184022426605
,1858,,,,0.2028999924659729
,1859,,,,0.12401493638753891
,1860,,,,0.305086612701416
,1861,,,,0.2594212591648102
,1862,,,,0.8284916281700134
,1863,,,,0.22627976536750793
,1864,,,,0.18077285587787628
,1865,,,,0.42307254672050476
,1866,,,,0.10463403165340424
,1867,,,,0.3601253628730774
,1868,,,,0.3344079554080963
,1869,,,,0.1027117520570755
,1870,,,,0.18425115942955017
,1871,,,,0.46311813592910767
,1872,,,,0.10620620846748352
,1873,,,,0.3786114454269409
,1874,,,,0.19627028703689575
,1875,,,,0.12660720944404602
,1876,,,,0.18586084246635437
,1877,,,,0.29184767603874207
,1878,,,,0.2529979646205902
,1879,,,,0.30004435777664185
,1880,,,,0.1649089753627777
,1881,,,,0.2799338400363922
,1882,,,,0.11022534966468811
,1883,,,,0.3395579755306244
,1884,,,,0.2815759778022766
,1885,,,,0.7282865047454834
,1886,,,,0.3679971396923065
,1887,,,,0.17204543948173523
,1888,,,,0.26676684617996216
,1889,,,,0.6713041067123413
,1890,,,,0.5740963220596313
,1891,,,,0.16250096261501312
,1892,,,,0.4974680244922638
,1893,,,,0.2658730149269104
,1894,,,,0.25937268137931824
,1895,,,,0.34633928537368774
,1896,,,,0.13706615567207336
,1897,,,,0.5140219926834106
,1898,,,,0.17221620678901672
,1899,,,,0.43172210454940796
,1900,,,,0.24616718292236328
,1901,,,,0.443775475025177
,1902,,,,0.2321605384349823
,1903,,,,0.1522817313671112
,1904,,,,0.44163721799850464
,1905,,,,0.10488025844097137
,1906,,,,0.09638519585132599
,1907,,,,0.1618713140487671
,1908,,,,0.19134819507598877
,1909,,,,0.29780539870262146
,1910,,,,0.1707964837551117
,1911,,,,0.30299413204193115
,1912,,,,0.261227011680603
,1913,,,,0.25432801246643066
,1914,,,,0.10465007275342941
,1915,,,,0.05454465374350548
,1916,,,,0.10425162315368652
,1917,,,,0.054797470569610596
,1918,,,,0.336975634098053
,1919,,,,0.23552444577217102
,1920,,,,0.22262677550315857
,1921,,,,0.2160940319299698
,1922,,,,0.256074994802475
,1923,,,,0.28364330530166626
,1924,,,,0.2096736580133438
,1925,,,,0.0852179080247879
,1926,,,,0.07109975069761276
,1927,,,,0.259090393781662
,1928,,,,0.32498785853385925
,1929,,,,0.1563132107257843
,1930,,,,0.3857444226741791
,1931,,,,0.25811707973480225
,1932,,,,0.16223527491092682
,1933,,,,0.04751880466938019
,1934,,,,0.06333618611097336
,1935,,,,0.11692644655704498
,1936,,,,0.15273618698120117
,1937,,,,0.2621237635612488
,1938,,,,0.280212938785553
,1939,,,,0.19627360999584198
,1940,,,,0.2681361734867096
,1941,,,,0.32312387228012085
,1942,,,,0.09643171727657318
,1943,,,,0.3819262385368347
,1944,,,,0.29275238513946533
,1945,,,,0.2105865776538849
,1946,,,,0.2188134491443634
,1947,,,,0.16309699416160583
,1948,,,,0.11702655255794525
,1949,,,,0.07429106533527374
,1950,,,,0.2642980217933655
,1951,,,,0.5688078999519348
,1952,,,,0.13142257928848267
,1953,,,,0.5021251440048218
,1954,,,,0.3308991491794586
,1955,,,,0.12853167951107025
2,35438,,,0.24567098915576935,
2,35438,0.2502012550830841,,,
3,35449,,0.25351056456565857,,
3,35499,,0.2925640642642975,,
3,35549,,0.2724260091781616,,
3,35599,,0.2149500548839569,,
3,35649,,0.23040851950645447,,
3,35699,,0.1956476867198944,,
3,35749,,0.179679274559021,,
3,35799,,0.2830660939216614,,
3,35849,,0.2500309348106384,,
3,35899,,0.26220500469207764,,
3,35949,,0.3501296937465668,,
3,35999,,0.19829584658145905,,
3,36049,,0.25231847167015076,,
3,36099,,0.2552470564842224,,
3,36149,,0.32132527232170105,,
3,36199,,0.22977012395858765,,
3,36249,,0.25544100999832153,,
3,36299,,0.19960325956344604,,
3,36349,,0.29663026332855225,,
3,36399,,0.17803853750228882,,
3,36449,,0.35965269804000854,,
3,36499,,0.25914430618286133,,
3,36549,,0.26598623394966125,,
3,36599,,0.27260667085647583,,
3,36649,,0.24591419100761414,,
3,36699,,0.21642309427261353,,
3,36749,,0.26356106996536255,,
3,36799,,0.25141748785972595,,
3,36849,,0.25806963443756104,,
3,36899,,0.2759898900985718,,
3,36949,,0.1994202435016632,,
3,36999,,0.2918587327003479,,
3,37049,,0.23581907153129578,,
3,37099,,0.2056882530450821,,
3,37149,,0.25283581018447876,,
3,37199,,0.20216630399227142,,
3,37249,,0.24981573224067688,,
3,37299,,0.1927817314863205,,
3,37349,,0.2620851695537567,,
3,37399,,0.1900135725736618,,
3,37449,,0.25949686765670776,,
3,37499,,0.2790827751159668,,
3,37549,,0.3344705402851105,,
3,37599,,0.20942510664463043,,
3,37649,,0.23709699511528015,,
3,37699,,0.2591487169265747,,
3,37749,,0.2617475390434265,,
3,37799,,0.3243788480758667,,
3,37849,,0.2361997663974762,,
3,37899,,0.25941726565361023,,
3,37949,,0.2670721709728241,,
3,37999,,0.2504580616950989,,
3,38049,,0.24574905633926392,,
3,38099,,0.21999815106391907,,
3,38149,,0.2711411714553833,,
3,38199,,0.17887528240680695,,
3,38249,,0.2874414920806885,,
3,38299,,0.3075391352176666,,
3,38349,,0.26304417848587036,,
3,38399,,0.3189805746078491,,
3,38449,,0.22533001005649567,,
3,38499,,0.2101132869720459,,
3,38549,,0.24417860805988312,,
3,38599,,0.2549832761287689,,
3,38649,,0.23964399099349976,,
3,38699,,0.23661576211452484,,
3,38749,,0.20823287963867188,,
3,38799,,0.24210643768310547,,
3,38849,,0.2572697401046753,,
3,38899,,0.2585746943950653,,
3,38949,,0.191471666097641,,
3,38999,,0.22194993495941162,,
3,39049,,0.18563079833984375,,
3,39099,,0.2346569150686264,,
3,39149,,0.20399221777915955,,
3,39199,,0.2700260579586029,,
3,39249,,0.20952782034873962,,
3,39299,,0.34638428688049316,,
3,39349,,0.2706405818462372,,
3,39399,,0.2752225399017334,,
3,39449,,0.23501065373420715,,
3,39499,,0.19117973744869232,,
3,39549,,0.3302043676376343,,
3,39599,,0.1423010528087616,,
3,39649,,0.23608055710792542,,
3,39699,,0.25582483410835266,,
3,39749,,0.31136953830718994,,
3,39799,,0.22135920822620392,,
3,39849,,0.2676934599876404,,
3,39899,,0.25659605860710144,,
3,39949,,0.17286498844623566,,
3,39999,,0.2754201889038086,,
3,40049,,0.2270422875881195,,
3,40099,,0.22417627274990082,,
3,40149,,0.25415048003196716,,
3,40199,,0.2115524262189865,,
3,40249,,0.24719837307929993,,
3,40299,,0.28742462396621704,,
3,40349,,0.23300719261169434,,
3,40399,,0.21329528093338013,,
3,40449,,0.2939702868461609,,
3,40499,,0.22160457074642181,,
3,40549,,0.22012951970100403,,
3,40599,,0.2431100457906723,,
3,40649,,0.27146458625793457,,
3,40699,,0.16972295939922333,,
3,40749,,0.2657907009124756,,
3,40799,,0.18490400910377502,,
3,40849,,0.2428983598947525,,
3,40899,,0.2750893533229828,,
3,40949,,0.1833469569683075,,
3,40999,,0.20554378628730774,,
3,41049,,0.2568340301513672,,
3,41099,,0.25004759430885315,,
3,41149,,0.2517490088939667,,
3,41199,,0.2109978049993515,,
3,41249,,0.19791164994239807,,
3,41299,,0.22233803570270538,,
3,41349,,0.3139800429344177,,
3,41399,,0.2841190695762634,,
3,41449,,0.23764723539352417,,
3,41499,,0.19314780831336975,,
3,41549,,0.2668537497520447,,
3,41599,,0.2835118770599365,,
3,41649,,0.24033567309379578,,
3,41699,,0.24728251993656158,,
3,41749,,0.3026583790779114,,
3,41799,,0.19752080738544464,,
3,41849,,0.24636101722717285,,
3,41899,,0.23543953895568848,,
3,41949,,0.28402262926101685,,
3,41999,,0.24031925201416016,,
3,42049,,0.21649636328220367,,
3,42099,,0.24460989236831665,,
3,42149,,0.22398501634597778,,
3,42199,,0.2017948031425476,,
3,42249,,0.2541491389274597,,
3,42299,,0.22887885570526123,,
3,42349,,0.2788250744342804,,
3,42399,,0.26796719431877136,,
3,42449,,0.28479933738708496,,
3,42499,,0.23954331874847412,,
3,42549,,0.2900177240371704,,
3,42599,,0.2842210531234741,,
3,42649,,0.2446925938129425,,
3,42699,,0.24826574325561523,,
3,42749,,0.25273388624191284,,
3,42799,,0.21604380011558533,,
3,42849,,0.2298625409603119,,
3,42899,,0.27824869751930237,,
3,42949,,0.24041664600372314,,
3,42999,,0.27701401710510254,,
3,43049,,0.24441158771514893,,
3,43099,,0.2017613798379898,,
3,43149,,0.28103721141815186,,
3,43199,,0.2710060477256775,,
3,43249,,0.2667351961135864,,
3,43299,,0.24248000979423523,,
3,43349,,0.23287802934646606,,
3,43399,,0.28951555490493774,,
3,43449,,0.3300102651119232,,
3,43499,,0.22496125102043152,,
3,43549,,0.29249995946884155,,
3,43599,,0.1608618199825287,,
3,43649,,0.24699413776397705,,
3,43699,,0.24219724535942078,,
3,43749,,0.2193082869052887,,
3,43799,,0.3019615411758423,,
3,43849,,0.3364514112472534,,
3,43899,,0.24155014753341675,,
3,43949,,0.22343255579471588,,
3,43999,,0.1695113331079483,,
3,44049,,0.2475961148738861,,
3,44099,,0.23993052542209625,,
3,44149,,0.2225768119096756,,
3,44199,,0.21308854222297668,,
3,44249,,0.17936524748802185,,
3,44299,,0.2536873519420624,,
3,44349,,0.3091481328010559,,
3,44399,,0.2603664994239807,,
3,44449,,0.22877320647239685,,
3,44499,,0.23211413621902466,,
3,44549,,0.21367743611335754,,
3,44599,,0.20409102737903595,,
3,44649,,0.2907344102859497,,
3,44699,,0.1784874051809311,,
3,44749,,0.2075323760509491,,
3,44799,,0.26685604453086853,,
3,44849,,0.2153448760509491,,
3,44899,,0.23314447700977325,,
3,44949,,0.18488860130310059,,
3,44999,,0.23891696333885193,,
3,45049,,0.1483137458562851,,
3,45099,,0.2747032046318054,,
3,45149,,0.22484993934631348,,
3,45199,,0.3018462061882019,,
3,45249,,0.2845836281776428,,
3,45299,,0.2257828414440155,,
3,45349,,0.2065841555595398,,
3,45399,,0.289695680141449,,
3,45449,,0.23581646382808685,,
3,45499,,0.2713735103607178,,
3,45549,,0.30864468216896057,,
3,45599,,0.2763219475746155,,
3,45649,,0.2559317946434021,,
3,45699,,0.25599536299705505,,
3,45749,,0.2584364414215088,,
3,45799,,0.2782272696495056,,
3,45849,,0.24878089129924774,,
3,45899,,0.26793599128723145,,
3,45949,,0.2163400948047638,,
3,45999,,0.29799479246139526,,
3,46049,,0.22579699754714966,,
3,46099,,0.20335707068443298,,
3,46149,,0.2783832550048828,,
3,46199,,0.26917916536331177,,
3,46249,,0.30796462297439575,,
3,46299,,0.2366599142551422,,
3,46349,,0.21220389008522034,,
3,46399,,0.2655208110809326,,
3,46449,,0.24921515583992004,,
3,46499,,0.3237217664718628,,
3,46549,,0.2567617893218994,,
3,46599,,0.23313450813293457,,
3,46649,,0.2329445332288742,,
3,46699,,0.19902223348617554,,
3,46749,,0.23806992173194885,,
3,46799,,0.22185106575489044,,
3,46849,,0.3093721270561218,,
3,46899,,0.2796587347984314,,
3,46949,,0.2127033770084381,,
3,46999,,0.19097313284873962,,
3,47049,,0.24398423731327057,,
3,47099,,0.25946134328842163,,
3,47149,,0.2905347943305969,,
3,47199,,0.2424028217792511,,
3,47249,,0.290206640958786,,
,1956,,,,0.45738768577575684
,1957,,,,0.1456458419561386
,1958,,,,0.21769623458385468
,1959,,,,0.1640213429927826
,1960,,,,0.18853338062763214
,1961,,,,0.3392047882080078
,1962,,,,0.20289246737957
,1963,,,,0.2609252333641052
,1964,,,,0.37464648485183716
,1965,,,,0.2471008449792862
,1966,,,,0.0980614498257637
,1967,,,,0.34709447622299194
,1968,,,,0.1658097207546234
,1969,,,,0.257814884185791
,1970,,,,0.14199107885360718
,1971,,,,0.17023326456546783
,1972,,,,0.18281948566436768
,1973,,,,0.05137253552675247
,1974,,,,0.06466332077980042
,1975,,,,0.05696730688214302
,1976,,,,0.08842089772224426
,1977,,,,0.04885673522949219
,1978,,,,0.10836808383464813
,1979,,,,0.2566123604774475
,1980,,,,0.2394426316022873
,1981,,,,0.27549031376838684
,1982,,,,0.15937983989715576
,1983,,,,0.31360912322998047
,1984,,,,0.17536871135234833
,1985,,,,0.21513958275318146
,1986,,,,0.05667850747704506
,1987,,,,0.23020681738853455
,1988,,,,0.23633265495300293
,1989,,,,0.13925981521606445
,1990,,,,0.12980753183364868
,1991,,,,0.12197664380073547
,1992,,,,0.18882551789283752
,1993,,,,0.1238698810338974
,1994,,,,0.4165383577346802
,1995,,,,0.47917258739471436
,1996,,,,0.3340904116630554
,1997,,,,0.32838737964630127
,1998,,,,0.45205384492874146
,1999,,,,0.7206395268440247
,2000,,,,0.30676332116127014
,2001,,,,0.4083256721496582
,2002,,,,0.22139707207679749
,2003,,,,0.4438531994819641
,2004,,,,0.23548147082328796
,2005,,,,0.11141574382781982
,2006,,,,0.14790670573711395
,2007,,,,0.08911199122667313
,2008,,,,0.1523536741733551
,2009,,,,0.27184605598449707
,2010,,,,0.30266085267066956
,2011,,,,0.20532873272895813
,2012,,,,0.17846015095710754
,2013,,,,0.1414809674024582
,2014,,,,0.18500708043575287
,2015,,,,0.11291594803333282
,2016,,,,0.22053271532058716
,2017,,,,0.15238168835639954
,2018,,,,0.11899364739656448
,2019,,,,0.22519469261169434
,2020,,,,0.3023204505443573
,2021,,,,0.4179443120956421
,2022,,,,0.23083354532718658
,2023,,,,0.18409080803394318
,2024,,,,0.07746624946594238
,2025,,,,0.05739939212799072
,2026,,,,0.21797600388526917
,2027,,,,0.20483018457889557
,2028,,,,0.21172776818275452
,2029,,,,0.2901575565338135
,2030,,,,0.1624683439731598
,2031,,,,0.10756188631057739
,2032,,,,0.14072245359420776
,2033,,,,0.18947601318359375
,2034,,,,0.4203748106956482
,2035,,,,0.2667076587677002
,2036,,,,0.23715969920158386
,2037,,,,0.26804953813552856
,2038,,,,0.09240560233592987
,2039,,,,0.14625832438468933
,2040,,,,0.10965745151042938
,2041,,,,0.23064172267913818
,2042,,,,0.0921589732170105
,2043,,,,0.2483709752559662
,2044,,,,0.36984533071517944
,2045,,,,0.20541101694107056
,2046,,,,0.6655597686767578
,2047,,,,0.28321903944015503
,2048,,,,0.13538390398025513
,2049,,,,0.2568914294242859
,2050,,,,0.14887794852256775
,2051,,,,0.1374904215335846
,2052,,,,0.23527991771697998
,2053,,,,0.057785145938396454
,2054,,,,0.0866784080862999
,2055,,,,0.07732070982456207
,2056,,,,0.08425074815750122
,2057,,,,0.24998751282691956
,2058,,,,0.2175421118736267
,2059,,,,0.328621506690979
,2060,,,,0.17300724983215332
,2061,,,,0.2229737639427185
,2062,,,,0.22305674850940704
,2063,,,,0.191624253988266
,2064,,,,0.19964958727359772
,2065,,,,0.15181401371955872
,2066,,,,0.0925617590546608
,2067,,,,0.23060551285743713
,2068,,,,0.2714347839355469
,2069,,,,0.6718493700027466
,2070,,,,0.17666850984096527
,2071,,,,0.3024165630340576
,2072,,,,0.5417230129241943
,2073,,,,0.2756621241569519
,2074,,,,0.19397488236427307
,2075,,,,0.3875916004180908
,2076,,,,0.2567845284938812
,2077,,,,0.21029499173164368
,2078,,,,0.18254081904888153
,2079,,,,0.19198548793792725
,2080,,,,0.22327609360218048
,2081,,,,0.16162943840026855
,2082,,,,0.29457634687423706
,2083,,,,0.15408672392368317
,2084,,,,0.24165628850460052
,2085,,,,0.08757436275482178
,2086,,,,0.16920465230941772
,2087,,,,0.25005054473876953
,2088,,,,0.35633373260498047
,2089,,,,0.2563741207122803
,2090,,,,0.18670061230659485
,2091,,,,0.6778048276901245
,2092,,,,0.18090789020061493
,2093,,,,0.5193811655044556
,2094,,,,0.26042959094047546
,2095,,,,0.19220513105392456
,2096,,,,0.18271255493164062
,2097,,,,0.1613636463880539
,2098,,,,0.23152688145637512
,2099,,,,0.25591421127319336
,2100,,,,0.14219753444194794
,2101,,,,0.303472638130188
,2102,,,,0.4470132291316986
,2103,,,,0.19634748995304108
,2104,,,,0.1388247013092041
,2105,,,,0.3881189823150635
,2106,,,,0.2328283190727234
,2107,,,,0.24939310550689697
,2108,,,,0.31033527851104736
,2109,,,,0.18802055716514587
,2110,,,,0.10956087708473206
,2111,,,,0.7819583415985107
,2112,,,,0.4123666286468506
,2113,,,,0.4521408975124359
,2114,,,,0.46013402938842773
,2115,,,,0.2406177669763565
,2116,,,,0.4411519169807434
,2117,,,,0.11021663248538971
,2118,,,,0.20868496596813202
,2119,,,,0.17495253682136536
,2120,,,,0.30165207386016846
,2121,,,,0.20646750926971436
,2122,,,,0.20949046313762665
,2123,,,,0.19570684432983398
,2124,,,,0.21470095217227936
,2125,,,,0.5339350700378418
,2126,,,,0.13556629419326782
,2127,,,,0.26955729722976685
,2128,,,,0.29862746596336365
,2129,,,,0.19132325053215027
,2130,,,,0.053348202258348465
,2131,,,,0.5131856203079224
,2132,,,,0.3008989691734314
,2133,,,,0.19734054803848267
,2134,,,,0.241359144449234
,2135,,,,0.12176383286714554
,2136,,,,0.23735713958740234
,2137,,,,0.12891283631324768
,2138,,,,0.18294870853424072
,2139,,,,0.11287379264831543
,2140,,,,0.4607645273208618
,2141,,,,0.2230118215084076
,2142,,,,0.22636091709136963
,2143,,,,0.5210329294204712
,2144,,,,0.13454177975654602
,2145,,,,0.178645059466362
,2146,,,,0.1755080670118332
,2147,,,,0.21651583909988403
,2148,,,,0.05830368772149086
,2149,,,,0.06348234415054321
,2150,,,,0.08311145752668381
,2151,,,,0.270069420337677
,2152,,,,0.2847508192062378
,2153,,,,0.11173981428146362
,2154,,,,0.2899523973464966
,2155,,,,0.25400638580322266
,2156,,,,0.05443901568651199
,2157,,,,0.2725861370563507
,2158,,,,0.25722312927246094
,2159,,,,0.18333745002746582
,2160,,,,0.32411113381385803
,2161,,,,0.2570421099662781
,2162,,,,0.1240353062748909
,2163,,,,0.4618169069290161
,2164,,,,0.21868476271629333
,2165,,,,0.19990183413028717
,2166,,,,0.15409359335899353
,2167,,,,0.26032882928848267
,2168,,,,0.22413402795791626
,2169,,,,0.0863756313920021
,2170,,,,0.21049095690250397
,2171,,,,0.19510707259178162
,2172,,,,0.18419405817985535
,2173,,,,0.10484722256660461
,2174,,,,0.1747899055480957
,2175,,,,0.16936972737312317
,2176,,,,0.10416445136070251
,2177,,,,0.3516654968261719
,2178,,,,0.20196008682250977
,2179,,,,0.16980606317520142
,2180,,,,0.27284470200538635
,2181,,,,0.4033423662185669
,2182,,,,0.12104645371437073
,2183,,,,0.8317552804946899
,2184,,,,0.627445638179779
,2185,,,,0.6098721027374268
,2186,,,,0.25768280029296875
,2187,,,,0.1911369413137436
,2188,,,,0.4298262596130371
,2189,,,,0.2336856722831726
,2190,,,,0.16675159335136414
,2191,,,,0.12487652897834778
,2192,,,,0.1904839277267456
,2193,,,,0.19414040446281433
,2194,,,,0.17133018374443054
,2195,,,,0.09583786129951477
,2196,,,,0.3231087923049927
,2197,,,,0.41549503803253174
,2198,,,,0.06060159206390381
,2199,,,,0.23211488127708435
,2200,,,,0.2833983302116394
,2201,,,,0.5055715441703796
,2202,,,,0.16522446274757385
,2203,,,,0.4666703939437866
,2204,,,,0.40646618604660034
,2205,,,,0.13718150556087494
,2206,,,,0.23942765593528748
,2207,,,,0.3973381519317627
,2208,,,,0.6240043640136719
,2209,,,,0.5512338876724243
,2210,,,,0.19807486236095428
,2211,,,,0.22870904207229614
,2212,,,,0.11281539499759674
,2213,,,,0.10106683522462845
,2214,,,,0.1090063750743866
,2215,,,,0.21701762080192566
,2216,,,,0.32340747117996216
,2217,,,,0.45497629046440125
,2218,,,,0.13080994784832
,2219,,,,0.1798464059829712
,2220,,,,0.3470447063446045
,2221,,,,0.4638170301914215
,2222,,,,0.6268268823623657
,2223,,,,0.4380713105201721
,2224,,,,0.46771925687789917
,2225,,,,0.18723735213279724
,2226,,,,0.10409753769636154
,2227,,,,0.1497037559747696
,2228,,,,0.10122591257095337
,2229,,,,0.07806101441383362
,2230,,,,0.277269572019577
,2231,,,,0.1753457933664322
,2232,,,,0.19420172274112701
,2233,,,,0.13567030429840088
,2234,,,,0.35515692830085754
,2235,,,,0.48207980394363403
,2236,,,,0.31870439648628235
,2237,,,,0.19205081462860107
,2238,,,,0.15815085172653198
,2239,,,,0.3263508379459381
,2240,,,,0.5041810274124146
,2241,,,,0.2373136281967163
,2242,,,,0.34107446670532227
,2243,,,,0.0884644091129303
,2244,,,,0.5996960401535034
,2245,,,,0.3158719539642334
,2246,,,,0.39286285638809204
,2247,,,,0.22607780992984772
,2248,,,,0.632174551486969
,2249,,,,0.5840973854064941
,2250,,,,0.19168855249881744
,2251,,,,0.25751668214797974
,2252,,,,0.2110777646303177
,2253,,,,0.696296751499176
,2254,,,,0.3138381540775299
,2255,,,,0.3117449879646301
,2256,,,,0.20759478211402893
,2257,,,,0.0733318030834198
,2258,,,,0.3100492060184479
,2259,,,,0.24618837237358093
,2260,,,,0.19057884812355042
,2261,,,,0.1669563502073288
,2262,,,,0.6228147745132446
,2263,,,,0.1649622917175293
,2264,,,,0.16615116596221924
,2265,,,,0.08589838445186615
,2266,,,,0.4323800504207611
,2267,,,,0.41182708740234375
,2268,,,,0.1259535551071167
,2269,,,,0.15581491589546204
,2270,,,,0.09826288372278214
,2271,,,,0.15289047360420227
,2272,,,,0.1926480531692505
,2273,,,,0.38859760761260986
,2274,,,,0.29867106676101685
,2275,,,,0.31275007128715515
,2276,,,,0.06140369549393654
,2277,,,,0.31904566287994385
,2278,,,,0.37140554189682007
,2279,,,,0.22342902421951294
,2280,,,,0.16920442879199982
,2281,,,,0.2000141143798828
,2282,,,,0.12174764275550842
,2283,,,,0.10342295467853546
,2284,,,,0.12121406197547913
,2285,,,,0.28425565361976624
,2286,,,,0.18637153506278992
,2287,,,,0.14954033493995667
,2288,,,,0.20063766837120056
,2289,,,,0.2504202723503113
,2290,,,,0.15357732772827148
,2291,,,,0.496412456035614
,2292,,,,0.36302006244659424
,2293,,,,0.36916670203208923
,2294,,,,0.16868849098682404
,2295,,,,0.451982706785202
,2296,,,,0.26373207569122314
,2297,,,,0.30367517471313477
,2298,,,,0.5903866291046143
,2299,,,,0.11489905416965485
,2300,,,,0.14374084770679474
,2301,,,,0.1562095582485199
,2302,,,,0.11289116740226746
,2303,,,,0.12443738430738449
,2304,,,,0.07973423600196838
,2305,,,,0.07732369005680084
,2306,,,,0.24007084965705872
,2307,,,,0.21011510491371155
,2308,,,,0.1835160255432129
,2309,,,,0.49220287799835205
,2310,,,,0.22276124358177185
,2311,,,,0.3891727328300476
,2312,,,,0.4878634214401245
,2313,,,,0.3340762257575989
,2314,,,,0.20468145608901978
,2315,,,,0.08582641184329987
,2316,,,,0.11019410192966461
,2317,,,,0.20808827877044678
,2318,,,,0.14769451320171356
,2319,,,,0.4372859597206116
,2320,,,,0.25603169202804565
,2321,,,,0.18239691853523254
,2322,,,,0.1399400681257248
,2323,,,,0.5446687936782837
,2324,,,,0.11902202665805817
,2325,,,,0.722361147403717
,2326,,,,0.2481243908405304
,2327,,,,0.7818211913108826
,2328,,,,0.3772002160549164
,2329,,,,0.3875906765460968
,2330,,,,0.5908101797103882
,2331,,,,0.3525084853172302
,2332,,,,0.6756821870803833
,2333,,,,0.2257809042930603
,2334,,,,0.07521539181470871
,2335,,,,0.08849930763244629
,2336,,,,0.2156873345375061
,2337,,,,0.1413463056087494
,2338,,,,0.333207905292511
,2339,,,,0.3484892249107361
,2340,,,,0.16309073567390442
,2341,,,,0.16379240155220032
,2342,,,,0.07433287799358368
,2343,,,,0.3948828876018524
,2344,,,,0.15223968029022217
,2345,,,,0.32819077372550964
,2346,,,,0.1970314085483551
,2347,,,,0.35060733556747437
,2348,,,,0.3258361220359802
,2349,,,,0.1410050094127655
,2350,,,,0.15145909786224365
,2351,,,,0.19476693868637085
,2352,,,,0.11754074692726135
,2353,,,,0.39770638942718506
,2354,,,,0.3366395831108093
,2355,,,,0.18759354948997498
,2356,,,,0.2925153076648712
,2357,,,,0.4042152762413025
,2358,,,,0.2624509334564209
,2359,,,,0.3710968792438507
,2360,,,,0.09011568874120712
,2361,,,,0.5070093870162964
,2362,,,,0.11305572092533112
,2363,,,,0.4322754740715027
,2364,,,,0.2303624451160431
,2365,,,,0.3397061824798584
,2366,,,,0.5549330711364746
,2367,,,,0.13093449175357819
,2368,,,,0.5850483179092407
,2369,,,,0.05062466859817505
,2370,,,,0.5498901009559631
,2371,,,,0.268782377243042
,2372,,,,0.30196550488471985
,2373,,,,0.18527290225028992
,2374,,,,0.1625652313232422
,2375,,,,0.10338178277015686
,2376,,,,0.19344548881053925
,2377,,,,0.3709332346916199
,2378,,,,0.22029802203178406
,2379,,,,0.13222789764404297
,2380,,,,0.18729187548160553
,2381,,,,0.04210501164197922
,2382,,,,0.13597393035888672
,2383,,,,0.1746421903371811
,2384,,,,0.16926029324531555
,2385,,,,0.29800647497177124
,2386,,,,0.17987202107906342
,2387,,,,0.22207295894622803
,2388,,,,0.13519851863384247
,2389,,,,0.12389600276947021
,2390,,,,0.3068777322769165
,2391,,,,0.08969740569591522
,2392,,,,0.18459120392799377
,2393,,,,0.1297445297241211
,2394,,,,0.13361415266990662
,2395,,,,0.10370537638664246
,2396,,,,0.099471315741539
,2397,,,,0.27498602867126465
,2398,,,,0.3268778920173645
,2399,,,,0.16977791488170624
,2400,,,,0.21808072924613953
,2401,,,,0.18131844699382782
,2402,,,,0.2372860610485077
,2403,,,,0.33779609203338623
,2404,,,,0.3288821578025818
,2405,,,,0.25612306594848633
,2406,,,,0.5469962954521179
,2407,,,,0.1431041955947876
,2408,,,,0.16917464137077332
,2409,,,,0.2308548390865326
,2410,,,,0.15300901234149933
,2411,,,,0.10467509925365448
,2412,,,,0.3420522212982178
,2413,,,,0.4361901879310608
,2414,,,,0.14258450269699097
,2415,,,,0.12094808369874954
,2416,,,,0.05923532694578171
,2417,,,,0.323243111371994
,2418,,,,0.27614766359329224
,2419,,,,0.09264527261257172
,2420,,,,0.08616730570793152
,2421,,,,0.04149371385574341
,2422,,,,0.02619294263422489
,2423,,,,0.05604426562786102
,2424,,,,0.0732954740524292
,2425,,,,0.07120343297719955
,2426,,,,0.10118341445922852
,2427,,,,0.10977821797132492
,2428,,,,0.12349171936511993
,2429,,,,0.10525351017713547
,2430,,,,0.04141326993703842
,2431,,,,0.16594380140304565
,2432,,,,0.06371236592531204
,2433,,,,0.20117893815040588
,2434,,,,0.09079286456108093
,2435,,,,0.11968781054019928
,2436,,,,0.06856995820999146
,2437,,,,0.25410884618759155
,2438,,,,0.2398972511291504
,2439,,,,0.241747185587883
,2440,,,,0.47456884384155273
,2441,,,,0.19438523054122925
,2442,,,,0.19424334168434143
,2443,,,,0.2746730148792267
,2444,,,,0.2525879144668579
,2445,,,,0.15124867856502533
,2446,,,,0.2745169401168823
,2447,,,,0.26939597725868225
,2448,,,,0.14796394109725952
,2449,,,,0.2773144841194153
,2450,,,,0.06864901632070541
,2451,,,,0.17721223831176758
,2452,,,,0.10349778831005096
,2453,,,,0.05899082496762276
,2454,,,,0.0344465896487236
,2455,,,,0.08776023983955383
,2456,,,,0.1016051173210144
,2457,,,,0.08100797235965729
,2458,,,,0.13496354222297668
,2459,,,,0.07639144361019135
,2460,,,,0.05762942135334015
,2461,,,,0.060306936502456665
,2462,,,,0.20151016116142273
,2463,,,,0.4372418522834778
,2464,,,,0.37167179584503174
,2465,,,,0.34219837188720703
,2466,,,,0.23596355319023132
,2467,,,,0.21956579387187958
,2468,,,,0.2579870820045471
,2469,,,,0.24760828912258148
,2470,,,,0.3816565275192261
,2471,,,,0.3994927704334259
,2472,,,,0.31650930643081665
,2473,,,,0.4052871763706207
,2474,,,,0.1322062909603119
,2475,,,,0.11664170026779175
,2476,,,,0.2488243579864502
,2477,,,,0.17371219396591187
,2478,,,,0.13147084414958954
,2479,,,,0.2817925214767456
,2480,,,,0.0898580551147461
,2481,,,,0.17570963501930237
,2482,,,,0.09424464404582977
,2483,,,,0.10619663447141647
,2484,,,,0.250862717628479
,2485,,,,0.1872175633907318
,2486,,,,0.07788153737783432
,2487,,,,0.21083293855190277
,2488,,,,0.3581773638725281
,2489,,,,0.2325514554977417
,2490,,,,0.05195271968841553
,2491,,,,0.2518147826194763
,2492,,,,0.1317468285560608
,2493,,,,0.2176257222890854
,2494,,,,0.20036208629608154
,2495,,,,0.04766007512807846
,2496,,,,0.10505913943052292
,2497,,,,0.07092732191085815
,2498,,,,0.31153202056884766
,2499,,,,0.366537868976593
,2500,,,,0.18300634622573853
,2501,,,,0.10734044015407562
,2502,,,,0.40600207448005676
,2503,,,,0.2589160203933716
,2504,,,,0.3058560788631439
,2505,,,,0.2751351296901703
,2506,,,,0.16985993087291718
,2507,,,,0.3153837323188782
,2508,,,,0.3769802749156952
,2509,,,,0.2827551066875458
,2510,,,,0.14509359002113342
,2511,,,,0.10028219223022461
,2512,,,,0.287600576877594
,2513,,,,0.249148428440094
,2514,,,,0.8431246280670166
,2515,,,,0.26331403851509094
,2516,,,,0.15655452013015747
,2517,,,,0.4554421603679657
,2518,,,,0.1320849359035492
,2519,,,,0.326598584651947
,2520,,,,0.2957973778247833
,2521,,,,0.11143946647644043
,2522,,,,0.10725966840982437
,2523,,,,0.4561135768890381
,2524,,,,0.07336142659187317
,2525,,,,0.31165778636932373
,2526,,,,0.15376242995262146
,2527,,,,0.1309555619955063
,2528,,,,0.18381178379058838
,2529,,,,0.3313324451446533
,2530,,,,0.2234763354063034
,2531,,,,0.24902957677841187
,2532,,,,0.17654788494110107
,2533,,,,0.2083739936351776
,2534,,,,0.10989101976156235
,2535,,,,0.25277769565582275
,2536,,,,0.24137330055236816
,2537,,,,0.8229761123657227
,2538,,,,0.43841496109962463
,2539,,,,0.1962888091802597
,2540,,,,0.2741965055465698
,2541,,,,0.6240420937538147
,2542,,,,0.5286272764205933
,2543,,,,0.17984142899513245
,2544,,,,0.466237336397171
,2545,,,,0.23664526641368866
,2546,,,,0.2058836817741394
,2547,,,,0.25238925218582153
,2548,,,,0.12021072208881378
,2549,,,,0.3888188302516937
,2550,,,,0.15752637386322021
,2551,,,,0.28266942501068115
,2552,,,,0.21847699582576752
,2553,,,,0.5665703415870667
,2554,,,,0.30537188053131104
,2555,,,,0.22293663024902344
,2556,,,,0.5061073303222656
,2557,,,,0.11791233718395233
,2558,,,,0.10507985949516296
,2559,,,,0.18894033133983612
,2560,,,,0.23869933187961578
,2561,,,,0.3056962490081787
,2562,,,,0.17902526259422302
,2563,,,,0.3107641339302063
,2564,,,,0.2501450777053833
,2565,,,,0.2240913063287735
,2566,,,,0.14152300357818604
,2567,,,,0.09752413630485535
,2568,,,,0.11166516691446304
,2569,,,,0.06526942551136017
,2570,,,,0.2963959872722626
,2571,,,,0.19476285576820374
,2572,,,,0.22986456751823425
,2573,,,,0.2080489844083786
,2574,,,,0.2156766951084137
,2575,,,,0.30228284001350403
,2576,,,,0.30674970149993896
,2577,,,,0.09479674696922302
,2578,,,,0.16877210140228271
,2579,,,,0.21058493852615356
,2580,,,,0.24390876293182373
,2581,,,,0.15755030512809753
,2582,,,,0.3550603687763214
,2583,,,,0.20249894261360168
,2584,,,,0.164941668510437
,2585,,,,0.08238357305526733
,2586,,,,0.0994928628206253
,2587,,,,0.20958814024925232
,2588,,,,0.14347420632839203
,2589,,,,0.282046914100647
,2590,,,,0.3088527023792267
,2591,,,,0.23068848252296448
,2592,,,,0.28071480989456177
,2593,,,,0.32847464084625244
,2594,,,,0.09942516684532166
,2595,,,,0.37238502502441406
,2596,,,,0.27026084065437317
,2597,,,,0.23408068716526031
,2598,,,,0.23720037937164307
,2599,,,,0.16220363974571228
,2600,,,,0.09967754036188126
,2601,,,,0.04525403305888176
,2602,,,,0.25068894028663635
,2603,,,,0.5105544924736023
,2604,,,,0.13031764328479767
,2605,,,,0.3878377676010132
,2606,,,,0.38133564591407776
,2607,,,,0.1856432408094406
3,47251,,,0.24178177118301392,
3,47251,0.24604061245918274,,,
4,47299,,0.2324647754430771,,
4,47349,,0.23867946863174438,,
4,47399,,0.23027676343917847,,
4,47449,,0.22918377816677094,,
4,47499,,0.2859635353088379,,
4,47549,,0.25280624628067017,,
4,47599,,0.22426605224609375,,
4,47649,,0.1936742663383484,,
4,47699,,0.32232505083084106,,
4,47749,,0.2072848677635193,,
4,47799,,0.2311178296804428,,
4,47849,,0.24211084842681885,,
4,47899,,0.22370439767837524,,
4,47949,,0.2381511628627777,,
4,47999,,0.32630759477615356,,
4,48049,,0.22541429102420807,,
4,48099,,0.2404571920633316,,
4,48149,,0.21558336913585663,,
4,48199,,0.27808135747909546,,
4,48249,,0.2546883225440979,,
4,48299,,0.29170942306518555,,
4,48349,,0.20911774039268494,,
4,48399,,0.3086239695549011,,
4,48449,,0.19570916891098022,,
4,48499,,0.2771274149417877,,
4,48549,,0.2496081292629242,,
4,48599,,0.24611523747444153,,
4,48649,,0.26247453689575195,,
4,48699,,0.24348238110542297,,
4,48749,,0.2444060891866684,,
4,48799,,0.30210232734680176,,
4,48849,,0.26101404428482056,,
4,48899,,0.20127496123313904,,
4,48949,,0.2492986023426056,,
4,48999,,0.19125723838806152,,
4,49049,,0.26039162278175354,,
4,49099,,0.2061464786529541,,
4,49149,,0.16663765907287598,,
4,49199,,0.22332344949245453,,
4,49249,,0.2966359555721283,,
4,49299,,0.2504366338253021,,
4,49349,,0.25952255725860596,,
4,49399,,0.1754557192325592,,
4,49449,,0.24525293707847595,,
4,49499,,0.277518630027771,,
4,49549,,0.19005709886550903,,
4,49599,,0.2559124827384949,,
4,49649,,0.23976615071296692,,
4,49699,,0.22222325205802917,,
4,49749,,0.23027724027633667,,
4,49799,,0.26987093687057495,,
4,49849,,0.2389393448829651,,
4,49899,,0.21333330869674683,,
4,49949,,0.29748228192329407,,
4,49999,,0.297760546207428,,
4,50049,,0.2587067484855652,,
4,50099,,0.23502930998802185,,
4,50149,,0.21777752041816711,,
4,50199,,0.2751784920692444,,
4,50249,,0.1864818036556244,,
4,50299,,0.2016296088695526,,
4,50349,,0.2724043130874634,,
4,50399,,0.25350096821784973,,
4,50449,,0.253498911857605,,
4,50499,,0.31077051162719727,,
4,50549,,0.21046721935272217,,
4,50599,,0.20077981054782867,,
4,50649,,0.2060706466436386,,
4,50699,,0.24245528876781464,,
4,50749,,0.271856427192688,,
4,50799,,0.23270025849342346,,
4,50849,,0.21857482194900513,,
4,50899,,0.1930115967988968,,
4,50949,,0.2308984100818634,,
4,50999,,0.21085278689861298,,
4,51049,,0.2238149642944336,,
4,51099,,0.30413001775741577,,
4,51149,,0.2050876021385193,,
4,51199,,0.22645880281925201,,
4,51249,,0.25351962447166443,,
4,51299,,0.3021329343318939,,
4,51349,,0.2787622809410095,,
4,51399,,0.25222519040107727,,
4,51449,,0.2293930947780609,,
4,51499,,0.21034568548202515,,
4,51549,,0.2270124852657318,,
4,51599,,0.21566274762153625,,
4,51649,,0.2012530267238617,,
4,51699,,0.302013635635376,,
4,51749,,0.24438337981700897,,
4,51799,,0.20976684987545013,,
4,51849,,0.20426839590072632,,
4,51899,,0.19751137495040894,,
4,51949,,0.24742302298545837,,
4,51999,,0.22831857204437256,,
4,52049,,0.27174803614616394,,
4,52099,,0.2535055875778198,,
4,52149,,0.2400147020816803,,
4,52199,,0.269488662481308,,
4,52249,,0.22249700129032135,,
4,52299,,0.2713888883590698,,
4,52349,,0.20113253593444824,,
4,52399,,0.25546911358833313,,
4,52449,,0.26524484157562256,,
4,52499,,0.2845425605773926,,
4,52549,,0.19464385509490967,,
4,52599,,0.278447687625885,,
4,52649,,0.24146360158920288,,
4,52699,,0.24787402153015137,,
4,52749,,0.30076974630355835,,
4,52799,,0.26307669281959534,,
4,52849,,0.26119813323020935,,
4,52899,,0.24645909667015076,,
4,52949,,0.1964937001466751,,
4,52999,,0.22223058342933655,,
4,53049,,0.25813817977905273,,
4,53099,,0.2377225160598755,,
4,53149,,0.24320349097251892,,
4,53199,,0.23942223191261292,,
4,53249,,0.2322794795036316,,
4,53299,,0.29847925901412964,,
4,53349,,0.27042484283447266,,
4,53399,,0.3037678003311157,,
4,53449,,0.22659774124622345,,
4,53499,,0.19073641300201416,,
4,53549,,0.227894127368927,,
4,53599,,0.24642795324325562,,
4,53649,,0.29519087076187134,,
4,53699,,0.21748152375221252,,
4,53749,,0.24599871039390564,,
4,53799,,0.21529734134674072,,
4,53849,,0.2133544683456421,,
4,53899,,0.2351686656475067,,
4,53949,,0.2406880110502243,,
4,53999,,0.24871492385864258,,
4,54049,,0.1527411937713623,,
4,54099,,0.25478866696357727,,
4,54149,,0.23033973574638367,,
4,54199,,0.20862936973571777,,
4,54249,,0.20578539371490479,,
4,54299,,0.25054028630256653,,
4,54349,,0.2645946145057678,,
4,54399,,0.22890639305114746,,
4,54449,,0.24057792127132416,,
4,54499,,0.25367552042007446,,
4,54549,,0.20479819178581238,,
4,54599,,0.1557869017124176,,
4,54649,,0.24817845225334167,,
4,54699,,0.23684999346733093,,
4,54749,,0.23669059574604034,,
4,54799,,0.2256230115890503,,
4,54849,,0.30318087339401245,,
4,54899,,0.23078154027462006,,
4,54949,,0.28306639194488525,,
4,54999,,0.24090318381786346,,
4,55049,,0.22112798690795898,,
4,55099,,0.2332466095685959,,
4,55149,,0.2410421371459961,,
4,55199,,0.19593678414821625,,
4,55249,,0.2736870050430298,,
4,55299,,0.25412246584892273,,
4,55349,,0.288535475730896,,
4,55399,,0.22491315007209778,,
4,55449,,0.15634606778621674,,
4,55499,,0.21852701902389526,,
4,55549,,0.22958946228027344,,
4,55599,,0.2092263102531433,,
4,55649,,0.2103646695613861,,
4,55699,,0.23939098417758942,,
4,55749,,0.2695283889770508,,
4,55799,,0.27074292302131653,,
4,55849,,0.2714255452156067,,
4,55899,,0.2447030246257782,,
4,55949,,0.2851502299308777,,
4,55999,,0.21833455562591553,,
4,56049,,0.1724405586719513,,
4,56099,,0.27627846598625183,,
4,56149,,0.32082855701446533,,
4,56199,,0.22126755118370056,,
4,56249,,0.2508097290992737,,
4,56299,,0.26204967498779297,,
4,56349,,0.21196576952934265,,
4,56399,,0.2641110420227051,,
4,56449,,0.2291528284549713,,
4,56499,,0.19949373602867126,,
4,56549,,0.2978329658508301,,
4,56599,,0.19125494360923767,,
4,56649,,0.24043208360671997,,
4,56699,,0.2259887456893921,,
4,56749,,0.2633930444717407,,
4,56799,,0.21173155307769775,,
4,56849,,0.23962944746017456,,
4,56899,,0.21779581904411316,,
4,56949,,0.18951937556266785,,
4,56999,,0.24225567281246185,,
4,57049,,0.21512897312641144,,
4,57099,,0.31177079677581787,,
4,57149,,0.2442183494567871,,
4,57199,,0.22234147787094116,,
4,57249,,0.1967676877975464,,
4,57299,,0.1427796185016632,,
4,57349,,0.3099657893180847,,
4,57399,,0.2957162857055664,,
4,57449,,0.21330633759498596,,
4,57499,,0.24435751140117645,,
4,57549,,0.213841512799263,,
4,57599,,0.2626342177391052,,
4,57649,,0.2543012499809265,,
4,57699,,0.21887123584747314,,
4,57749,,0.24459168314933777,,
4,57799,,0.25132831931114197,,
4,57849,,0.2728922367095947,,
4,57899,,0.2679513096809387,,
4,57949,,0.2413700371980667,,
4,57999,,0.31955474615097046,,
4,58049,,0.22682219743728638,,
4,58099,,0.2758755683898926,,
4,58149,,0.20616038143634796,,
4,58199,,0.2555401921272278,,
4,58249,,0.24265877902507782,,
4,58299,,0.2102821171283722,,
4,58349,,0.19949503242969513,,
4,58399,,0.17566777765750885,,
4,58449,,0.2329770177602768,,
4,58499,,0.2130250632762909,,
4,58549,,0.3136005997657776,,
4,58599,,0.2713119387626648,,
4,58649,,0.2360951155424118,,
4,58699,,0.2748788893222809,,
4,58749,,0.21933868527412415,,
4,58799,,0.24902614951133728,,
4,58849,,0.2748878598213196,,
4,58899,,0.3010347783565521,,
4,58949,,0.2071431428194046,,
4,58999,,0.23533305525779724,,
4,59049,,0.24362915754318237,,
,2608,,,,0.44044068455696106
,2609,,,,0.10252399742603302
,2610,,,,0.15908922255039215
,2611,,,,0.12269790470600128
,2612,,,,0.15737196803092957
,2613,,,,0.34192875027656555
,2614,,,,0.2189292460680008
,2615,,,,0.33332160115242004
,2616,,,,0.4031321406364441
,2617,,,,0.2177428901195526
,2618,,,,0.08842281997203827
,2619,,,,0.2608373165130615
,2620,,,,0.11598314344882965
,2621,,,,0.21714980900287628
,2622,,,,0.13841482996940613
,2623,,,,0.16444195806980133
,2624,,,,0.17694741487503052
,2625,,,,0.06436563283205032
,2626,,,,0.038805946707725525
,2627,,,,0.06260256469249725
,2628,,,,0.09097111970186234
,2629,,,,0.07446996867656708
,2630,,,,0.13369205594062805
,2631,,,,0.2962406277656555
,2632,,,,0.24588879942893982
,2633,,,,0.19874587655067444
,2634,,,,0.1470089554786682
,2635,,,,0.36247551441192627
,2636,,,,0.18644839525222778
,2637,,,,0.2014765739440918
,2638,,,,0.0962832048535347
,2639,,,,0.30261820554733276
,2640,,,,0.2731061577796936
,2641,,,,0.10813455283641815
,2642,,,,0.21580103039741516
,2643,,,,0.127817302942276
,2644,,,,0.10719329118728638
,2645,,,,0.0971335917711258
,2646,,,,0.3702159523963928
,2647,,,,0.44551077485084534
,2648,,,,0.33219197392463684
,2649,,,,0.37864968180656433
,2650,,,,0.4892457127571106
,2651,,,,0.7947351932525635
,2652,,,,0.28443604707717896
,2653,,,,0.4987315535545349
,2654,,,,0.218356192111969
,2655,,,,0.5129067897796631
,2656,,,,0.25835999846458435
,2657,,,,0.1688019037246704
,2658,,,,0.2138875126838684
,2659,,,,0.09118914604187012
,2660,,,,0.08425185084342957
,2661,,,,0.26202553510665894
,2662,,,,0.18672393262386322
,2663,,,,0.17168164253234863
,2664,,,,0.26099100708961487
,2665,,,,0.19119474291801453
,2666,,,,0.2540113627910614
,2667,,,,0.16144388914108276
,2668,,,,0.2504494786262512
,2669,,,,0.08085347712039948
,2670,,,,0.1250418722629547
,2671,,,,0.26695716381073
,2672,,,,0.3376302123069763
,2673,,,,0.5053198337554932
,2674,,,,0.271342933177948
,2675,,,,0.25547170639038086
,2676,,,,0.06376200914382935
,2677,,,,0.043945103883743286
,2678,,,,0.2599232792854309
,2679,,,,0.20232918858528137
,2680,,,,0.15065588057041168
,2681,,,,0.2738822102546692
,2682,,,,0.20491501688957214
,2683,,,,0.12832842767238617
,2684,,,,0.13129287958145142
,2685,,,,0.11999957263469696
,2686,,,,0.4258323013782501
,2687,,,,0.3628855347633362
,2688,,,,0.2166447639465332
,2689,,,,0.1496216356754303
,2690,,,,0.09011631458997726
,2691,,,,0.17530861496925354
,2692,,,,0.16511061787605286
,2693,,,,0.2815864682197571
,2694,,,,0.17106933891773224
,2695,,,,0.232526496052742
,2696,,,,0.30035898089408875
,2697,,,,0.17752483487129211
,2698,,,,0.5616326332092285
,2699,,,,0.2548890709877014
,2700,,,,0.14755560457706451
,2701,,,,0.1996399462223053
,2702,,,,0.21346741914749146
,2703,,,,0.2131270319223404
,2704,,,,0.1874854564666748
,2705,,,,0.15840697288513184
,2706,,,,0.11404778808355331
,2707,,,,0.09644424170255661
,2708,,,,0.0666106790304184
,2709,,,,0.3854028880596161
,2710,,,,0.2491011917591095
,2711,,,,0.39360466599464417
,2712,,,,0.22520816326141357
,2713,,,,0.26297807693481445
,2714,,,,0.3292933404445648
,2715,,,,0.1851094365119934
,2716,,,,0.23897778987884521
,2717,,,,0.173796147108078
,2718,,,,0.06029297411441803
,2719,,,,0.19915428757667542
,2720,,,,0.2650415599346161
,2721,,,,0.592334508895874
,2722,,,,0.15408791601657867
,2723,,,,0.35335564613342285
,2724,,,,0.5155134201049805
,2725,,,,0.4250769019126892
,2726,,,,0.2112499177455902
,2727,,,,0.4824611246585846
,2728,,,,0.27576935291290283
,2729,,,,0.27300000190734863
,2730,,,,0.2538418769836426
,2731,,,,0.19956552982330322
,2732,,,,0.3058062791824341
,2733,,,,0.17879287898540497
,2734,,,,0.3565133810043335
,2735,,,,0.1816406100988388
,2736,,,,0.28053760528564453
,2737,,,,0.11703136563301086
,2738,,,,0.17697098851203918
,2739,,,,0.30104830861091614
,2740,,,,0.37076711654663086
,2741,,,,0.2774542272090912
,2742,,,,0.20591945946216583
,2743,,,,0.7305663228034973
,2744,,,,0.16812820732593536
,2745,,,,0.39614319801330566
,2746,,,,0.1932213306427002
,2747,,,,0.21683062613010406
,2748,,,,0.13756820559501648
,2749,,,,0.20774173736572266
,2750,,,,0.3072327971458435
,2751,,,,0.2557709813117981
,2752,,,,0.25394153594970703
,2753,,,,0.29184144735336304
,2754,,,,0.49506792426109314
,2755,,,,0.21376174688339233
,2756,,,,0.17317982017993927
,2757,,,,0.4387997090816498
,2758,,,,0.2280537188053131
,2759,,,,0.31822913885116577
,2760,,,,0.3487479090690613
,2761,,,,0.2701932191848755
,2762,,,,0.08972170948982239
,2763,,,,0.8445667028427124
,2764,,,,0.39040809869766235
,2765,,,,0.38124868273735046
,2766,,,,0.39793866872787476
,2767,,,,0.20559802651405334
,2768,,,,0.36740532517433167
,2769,,,,0.08996087312698364
,2770,,,,0.26047447323799133
,2771,,,,0.1670333296060562
,2772,,,,0.32409244775772095
,2773,,,,0.20478644967079163
,2774,,,,0.20162707567214966
,2775,,,,0.1423957496881485
,2776,,,,0.16761426627635956
,2777,,,,0.5713339447975159
,2778,,,,0.13767504692077637
,2779,,,,0.28297483921051025
,2780,,,,0.2662748098373413
,2781,,,,0.16078990697860718
,2782,,,,0.047529637813568115
,2783,,,,0.5427721738815308
,2784,,,,0.3402581214904785
,2785,,,,0.16429179906845093
,2786,,,,0.18970249593257904
,2787,,,,0.17010121047496796
,2788,,,,0.25815102458000183
,2789,,,,0.11945167183876038
,2790,,,,0.19026315212249756
,2791,,,,0.08705740422010422
,2792,,,,0.43105918169021606
,2793,,,,0.23015886545181274
,2794,,,,0.24434491991996765
,2795,,,,0.5268121361732483
,2796,,,,0.13882750272750854
,2797,,,,0.2730739712715149
,2798,,,,0.1420716941356659
,2799,,,,0.3126993179321289
,2800,,,,0.08158443868160248
,2801,,,,0.05853485316038132
,2802,,,,0.07775218784809113
,2803,,,,0.2809268832206726
,2804,,,,0.2621750235557556
,2805,,,,0.12331993877887726
,2806,,,,0.34140872955322266
,2807,,,,0.29335904121398926
,2808,,,,0.12248197197914124
,2809,,,,0.3282777965068817
,2810,,,,0.2612064480781555
,2811,,,,0.14758428931236267
,2812,,,,0.30186402797698975
,2813,,,,0.25112032890319824
,2814,,,,0.13378895819187164
,2815,,,,0.49567943811416626
,2816,,,,0.2217518389225006
,2817,,,,0.25530362129211426
,2818,,,,0.1556461751461029
,2819,,,,0.32285159826278687
,2820,,,,0.26442068815231323
,2821,,,,0.08150650560855865
,2822,,,,0.21181568503379822
,2823,,,,0.19785335659980774
,2824,,,,0.21903394162654877
,2825,,,,0.11120329797267914
,2826,,,,0.12940505146980286
,2827,,,,0.17040103673934937
,2828,,,,0.12866082787513733
,2829,,,,0.40591180324554443
,2830,,,,0.21839562058448792
,2831,,,,0.24019429087638855
,2832,,,,0.2777603268623352
,2833,,,,0.4526752233505249
,2834,,,,0.12431855499744415
,2835,,,,0.8610701560974121
,2836,,,,0.6764383316040039
,2837,,,,0.6701545715332031
,2838,,,,0.281556099653244
,2839,,,,0.15069438517093658
,2840,,,,0.4307895600795746
,2841,,,,0.26821985840797424
,2842,,,,0.1868133842945099
,2843,,,,0.14244329929351807
,2844,,,,0.2563835680484772
,2845,,,,0.23336656391620636
,2846,,,,0.15237481892108917
,2847,,,,0.09294481575489044
,2848,,,,0.333174467086792
,2849,,,,0.46691715717315674
,2850,,,,0.054746098816394806
,2851,,,,0.34381914138793945
,2852,,,,0.28799378871917725
,2853,,,,0.5356093645095825
,2854,,,,0.1815367490053177
,2855,,,,0.4388142228126526
,2856,,,,0.40162140130996704
,2857,,,,0.16458742320537567
,2858,,,,0.19877582788467407
,2859,,,,0.3857473134994507
,2860,,,,0.7315870523452759
,2861,,,,0.5879062414169312
,2862,,,,0.3218393623828888
,2863,,,,0.22092628479003906
,2864,,,,0.0876055657863617
,2865,,,,0.14786268770694733
,2866,,,,0.13222117722034454
,2867,,,,0.3039916753768921
,2868,,,,0.36266154050827026
,2869,,,,0.5571737289428711
,2870,,,,0.11089151352643967
,2871,,,,0.23466654121875763
,2872,,,,0.35399848222732544
,2873,,,,0.5213972330093384
,2874,,,,0.6626194715499878
,2875,,,,0.43579351902008057
,2876,,,,0.4600925147533417
,2877,,,,0.17693735659122467
,2878,,,,0.11511748284101486
,2879,,,,0.1270609200000763
,2880,,,,0.09860734641551971
,2881,,,,0.0809250995516777
,2882,,,,0.274203360080719
,2883,,,,0.20376434922218323
,2884,,,,0.18768376111984253
,2885,,,,0.09904240816831589
,2886,,,,0.348500519990921
,2887,,,,0.5901143550872803
,2888,,,,0.3587833642959595
,2889,,,,0.15963420271873474
,2890,,,,0.15429338812828064
,2891,,,,0.29458364844322205
,2892,,,,0.5378737449645996
,2893,,,,0.28606468439102173
,2894,,,,0.41084814071655273
,2895,,,,0.11632737517356873
,2896,,,,0.6408259868621826
,2897,,,,0.35204213857650757
,2898,,,,0.37209808826446533
,2899,,,,0.19393740594387054
,2900,,,,0.5756017565727234
,2901,,,,0.6123211979866028
,2902,,,,0.2390756905078888
,2903,,,,0.24434082210063934
,2904,,,,0.20611998438835144
,2905,,,,0.7207402586936951
,2906,,,,0.3579637408256531
,2907,,,,0.3917458653450012
,2908,,,,0.23334406316280365
,2909,,,,0.07738207280635834
,2910,,,,0.31109172105789185
,2911,,,,0.25262126326560974
,2912,,,,0.19897377490997314
,2913,,,,0.16986042261123657
,2914,,,,0.6487859487533569
,2915,,,,0.19489076733589172
,2916,,,,0.23107704520225525
,2917,,,,0.07067573070526123
,2918,,,,0.4522053599357605
,2919,,,,0.43451470136642456
,2920,,,,0.1513855904340744
,2921,,,,0.20426586270332336
,2922,,,,0.09635739028453827
,2923,,,,0.1973770707845688
,2924,,,,0.21620342135429382
,2925,,,,0.28447744250297546
,2926,,,,0.25327441096305847
,2927,,,,0.2930574417114258
,2928,,,,0.055429086089134216
,2929,,,,0.2741539180278778
,2930,,,,0.3414872884750366
,2931,,,,0.2175896167755127
,2932,,,,0.15486928820610046
,2933,,,,0.192094087600708
,2934,,,,0.21135833859443665
,2935,,,,0.06047264114022255
,2936,,,,0.18616461753845215
,2937,,,,0.36457961797714233
,2938,,,,0.18897002935409546
,2939,,,,0.20943240821361542
,2940,,,,0.23210230469703674
,2941,,,,0.19687989354133606
,2942,,,,0.15385198593139648
,2943,,,,0.4393436908721924
,2944,,,,0.31573981046676636
,2945,,,,0.4298362731933594
,2946,,,,0.300596684217453
,2947,,,,0.3945818543434143
,2948,,,,0.257367342710495
,2949,,,,0.2511717975139618
,2950,,,,0.5868879556655884
,2951,,,,0.1279585063457489
,2952,,,,0.08520015329122543
,2953,,,,0.12271548807621002
,2954,,,,0.08554358035326004
,2955,,,,0.07869404554367065
,2956,,,,0.09297391027212143
,2957,,,,0.10130956023931503
,2958,,,,0.2580999732017517
,2959,,,,0.14858216047286987
,2960,,,,0.2014950066804886
,2961,,,,0.5901081562042236
,2962,,,,0.25602221488952637
,2963,,,,0.45360004901885986
,2964,,,,0.5754724740982056
,2965,,,,0.315448135137558
,2966,,,,0.26116594672203064
,2967,,,,0.07500476390123367
,2968,,,,0.13554558157920837
,2969,,,,0.21833714842796326
,2970,,,,0.20165081322193146
,2971,,,,0.489304780960083
,2972,,,,0.34239470958709717
,2973,,,,0.2235231101512909
,2974,,,,0.16532576084136963
,2975,,,,0.5772132873535156
,2976,,,,0.11426986753940582
,2977,,,,0.782429575920105
,2978,,,,0.3234860301017761
,2979,,,,0.819974958896637
,2980,,,,0.44081583619117737
,2981,,,,0.3969321846961975
,2982,,,,0.5890233516693115
,2983,,,,0.3399651348590851
,2984,,,,0.6816473603248596
,2985,,,,0.24270889163017273
,2986,,,,0.07791756093502045
,2987,,,,0.09485962986946106
,2988,,,,0.16385135054588318
,2989,,,,0.11269737035036087
,2990,,,,0.3717059791088104
,2991,,,,0.438197523355484
,2992,,,,0.1910768449306488
,2993,,,,0.20454132556915283
,2994,,,,0.06794688105583191
,2995,,,,0.41943663358688354
,2996,,,,0.17032787203788757
,2997,,,,0.3520926237106323
,2998,,,,0.2190490961074829
,2999,,,,0.3107551634311676
,3000,,,,0.2966940402984619
,3001,,,,0.12084881961345673
,3002,,,,0.1785929948091507
,3003,,,,0.19452020525932312
,3004,,,,0.13984110951423645
,3005,,,,0.35488414764404297
,3006,,,,0.4028920531272888
,3007,,,,0.23227888345718384
,3008,,,,0.33094531297683716
,3009,,,,0.40826570987701416
,3010,,,,0.28504884243011475
,3011,,,,0.40576210618019104
,3012,,,,0.09089746326208115
,3013,,,,0.5769360661506653
,3014,,,,0.091575488448143
,3015,,,,0.46754205226898193
,3016,,,,0.24893441796302795
,3017,,,,0.37027329206466675
,3018,,,,0.5762687921524048
,3019,,,,0.15630219876766205
,3020,,,,0.6175206899642944
,3021,,,,0.07149512320756912
,3022,,,,0.5916532278060913
,3023,,,,0.29973581433296204
,3024,,,,0.3245202302932739
,3025,,,,0.19703400135040283
,3026,,,,0.1430421769618988
,3027,,,,0.08474291861057281
,3028,,,,0.18446195125579834
,3029,,,,0.3354213237762451
,3030,,,,0.19315692782402039
,3031,,,,0.1344335675239563
,3032,,,,0.1709182858467102
,3033,,,,0.04733189940452576
,3034,,,,0.11736047267913818
,3035,,,,0.15784558653831482
,3036,,,,0.1165744736790657
,3037,,,,0.31410008668899536
,3038,,,,0.2797453999519348
,3039,,,,0.2157708704471588
,3040,,,,0.23476114869117737
,3041,,,,0.10181097686290741
,3042,,,,0.3846933841705322
,3043,,,,0.10441743582487106
,3044,,,,0.1057480126619339
,3045,,,,0.06581135839223862
,3046,,,,0.19134381413459778
,3047,,,,0.19848623871803284
,3048,,,,0.08359634131193161
,3049,,,,0.15260612964630127
,3050,,,,0.278635710477829
,3051,,,,0.18741615116596222
,3052,,,,0.1790156066417694
,3053,,,,0.1832822561264038
,3054,,,,0.2224322259426117
,3055,,,,0.35554182529449463
,3056,,,,0.42029017210006714
,3057,,,,0.27503982186317444
,3058,,,,0.4830053448677063
,3059,,,,0.16641634702682495
,3060,,,,0.2133420705795288
,3061,,,,0.23770086467266083
,3062,,,,0.1579614281654358
,3063,,,,0.12017865478992462
,3064,,,,0.3113732635974884
,3065,,,,0.3319792151451111
,3066,,,,0.11408516764640808
,3067,,,,0.10637706518173218
,3068,,,,0.053214073181152344
,3069,,,,0.2294473648071289
,3070,,,,0.21351030468940735
,3071,,,,0.0637412965297699
,3072,,,,0.07242144644260406
,3073,,,,0.10376496613025665
,3074,,,,0.024548731744289398
,3075,,,,0.056294798851013184
,3076,,,,0.07662296295166016
,3077,,,,0.06124498322606087
,3078,,,,0.0922611802816391
,3079,,,,0.10507683455944061
,3080,,,,0.08458296954631805
,3081,,,,0.07335489988327026
,3082,,,,0.071261465549469
,3083,,,,0.1278490126132965
,3084,,,,0.06404080986976624
,3085,,,,0.1927453875541687
,3086,,,,0.05970693752169609
,3087,,,,0.10646803677082062
,3088,,,,0.09675216674804688
,3089,,,,0.24445930123329163
,3090,,,,0.23579925298690796
,3091,,,,0.2681589126586914
,3092,,,,0.5184361338615417
,3093,,,,0.178645059466362
,3094,,,,0.24032467603683472
,3095,,,,0.30412331223487854
,3096,,,,0.17382898926734924
,3097,,,,0.1134805753827095
,3098,,,,0.20119939744472504
,3099,,,,0.23730266094207764
,3100,,,,0.1834227740764618
,3101,,,,0.22382761538028717
,3102,,,,0.07872980833053589
,3103,,,,0.14233753085136414
,3104,,,,0.08700498938560486
,3105,,,,0.061910174787044525
,3106,,,,0.03290005028247833
,3107,,,,0.06636869162321091
,3108,,,,0.11093896627426147
,3109,,,,0.0925898477435112
,3110,,,,0.15882472693920135
,3111,,,,0.0822264701128006
,3112,,,,0.043646037578582764
,3113,,,,0.03510849177837372
,3114,,,,0.17762136459350586
,3115,,,,0.4117801785469055
,3116,,,,0.3411363363265991
,3117,,,,0.31400591135025024
,3118,,,,0.2068328559398651
,3119,,,,0.2005593478679657
,3120,,,,0.2735801041126251
,3121,,,,0.2731860876083374
,3122,,,,0.4108698070049286
,3123,,,,0.4558703899383545
,3124,,,,0.30279630422592163
,3125,,,,0.31512612104415894
,3126,,,,0.12172266095876694
,3127,,,,0.14658045768737793
,3128,,,,0.17425841093063354
,3129,,,,0.17973777651786804
,3130,,,,0.1887488216161728
,3131,,,,0.24406835436820984
,3132,,,,0.06666801124811172
,3133,,,,0.19050903618335724
,3134,,,,0.11636929214000702
,3135,,,,0.11140000075101852
,3136,,,,0.19936159253120422
,3137,,,,0.11670657992362976
,3138,,,,0.06827959418296814
,3139,,,,0.18543927371501923
,3140,,,,0.36007392406463623
,3141,,,,0.2539445161819458
,3142,,,,0.04898214340209961
,3143,,,,0.18282853066921234
,3144,,,,0.10162433236837387
,3145,,,,0.18760880827903748
,3146,,,,0.17964091897010803
,3147,,,,0.04873630404472351
,3148,,,,0.08287262916564941
,3149,,,,0.07839946448802948
,3150,,,,0.25681090354919434
,3151,,,,0.38840198516845703
,3152,,,,0.24446740746498108
,3153,,,,0.0798904299736023
,3154,,,,0.3542349338531494
,3155,,,,0.212274432182312
,3156,,,,0.2786433696746826
,3157,,,,0.27885740995407104
,3158,,,,0.14235378801822662
,3159,,,,0.31175875663757324
,3160,,,,0.38519778847694397
,3161,,,,0.2965296506881714
,3162,,,,0.1271439790725708
,3163,,,,0.08881950378417969
,3164,,,,0.246537983417511
,3165,,,,0.2462669461965561
,3166,,,,0.8901456594467163
,3167,,,,0.2771693170070648
,3168,,,,0.20528259873390198
,3169,,,,0.46338117122650146
,3170,,,,0.1372123658657074
,3171,,,,0.29651939868927
,3172,,,,0.3252955675125122
,3173,,,,0.22119972109794617
,3174,,,,0.0999322384595871
,3175,,,,0.3838668763637543
,3176,,,,0.1317182183265686
,3177,,,,0.29118800163269043
,3178,,,,0.18933871388435364
,3179,,,,0.136936217546463
,3180,,,,0.20195960998535156
,3181,,,,0.31679368019104004
,3182,,,,0.24875076115131378
,3183,,,,0.2875847816467285
,3184,,,,0.18093538284301758
,3185,,,,0.2886506915092468
,3186,,,,0.12183347344398499
,3187,,,,0.3194549083709717
,3188,,,,0.2740887999534607
,3189,,,,0.7801745533943176
,3190,,,,0.375953733921051
,3191,,,,0.16414916515350342
,3192,,,,0.26014459133148193
,3193,,,,0.5898875594139099
,3194,,,,0.5481592416763306
,3195,,,,0.158003568649292
,3196,,,,0.5388847589492798
,3197,,,,0.2567477524280548
,3198,,,,0.2317136973142624
,3199,,,,0.3025513291358948
,3200,,,,0.14893755316734314
,3201,,,,0.43143317103385925
,3202,,,,0.13850188255310059
,3203,,,,0.35164815187454224
,3204,,,,0.2345733493566513
,3205,,,,0.4987484812736511
,3206,,,,0.28338688611984253
,3207,,,,0.1977265179157257
,3208,,,,0.48185181617736816
,3209,,,,0.12411385774612427
,3210,,,,0.11935848742723465
,3211,,,,0.21035677194595337
,3212,,,,0.23672515153884888
,3213,,,,0.24351224303245544
,3214,,,,0.15054848790168762
,3215,,,,0.29555267095565796
,3216,,,,0.2438431978225708
,3217,,,,0.1994006335735321
,3218,,,,0.1484629213809967
,3219,,,,0.07734821736812592
,3220,,,,0.13462290167808533
,3221,,,,0.057088062167167664
,3222,,,,0.3106420636177063
,3223,,,,0.23402369022369385
,3224,,,,0.21303042769432068
,3225,,,,0.21087750792503357
,3226,,,,0.25556039810180664
,3227,,,,0.31007707118988037
,3228,,,,0.26246345043182373
,3229,,,,0.07937583327293396
,3230,,,,0.11282706260681152
,3231,,,,0.20613442361354828
,3232,,,,0.3017268180847168
,3233,,,,0.1562187522649765
,3234,,,,0.3826434016227722
,3235,,,,0.23955443501472473
,3236,,,,0.18146443367004395
,3237,,,,0.05301804095506668
,3238,,,,0.06261523067951202
,3239,,,,0.14192542433738708
,3240,,,,0.14305374026298523
,3241,,,,0.26199549436569214
,3242,,,,0.3116737902164459
,3243,,,,0.19118595123291016
,3244,,,,0.2435723841190338
,3245,,,,0.29873186349868774
,3246,,,,0.08996038138866425
,3247,,,,0.38821402192115784
,3248,,,,0.26579782366752625
,3249,,,,0.22252467274665833
,3250,,,,0.21410483121871948
,3251,,,,0.14049723744392395
,3252,,,,0.08930129557847977
,3253,,,,0.02491016313433647
,3254,,,,0.26357579231262207
,3255,,,,0.5436989665031433
,3256,,,,0.12561194598674774
,3257,,,,0.47124338150024414
,3258,,,,0.3176877498626709
,3259,,,,0.09474589675664902
4,59064,,,0.24882780015468597,
4,59064,0.24285796284675598,,,
5,59099,,0.19832424819469452,,
5,59149,,0.2288724184036255,,
5,59199,,0.264801025390625,,
5,59249,,0.23729707300662994,,
5,59299,,0.2090073823928833,,
5,59349,,0.2819395661354065,,
5,59399,,0.26123476028442383,,
5,59449,,0.1852930784225464,,
5,59499,,0.20181754231452942,,
5,59549,,0.2871474027633667,,
5,59599,,0.2331836223602295,,
5,59649,,0.27100783586502075,,
5,59699,,0.27723050117492676,,
5,59749,,0.21150356531143188,,
5,59799,,0.25624632835388184,,
5,59849,,0.1935938447713852,,
5,59899,,0.25082409381866455,,
5,59949,,0.2350800335407257,,
5,59999,,0.26489272713661194,,
5,60049,,0.3193911910057068,,
5,60099,,0.22579078376293182,,
5,60149,,0.20247581601142883,,
5,60199,,0.21230942010879517,,
5,60249,,0.23052018880844116,,
5,60299,,0.23564815521240234,,
5,60349,,0.20135261118412018,,
5,60399,,0.22661077976226807,,
5,60449,,0.22472800314426422,,
5,60499,,0.29049572348594666,,
5,60549,,0.1971767395734787,,
5,60599,,0.33015763759613037,,
5,60649,,0.23948481678962708,,
5,60699,,0.2071170210838318,,
5,60749,,0.2681047320365906,,
5,60799,,0.209013432264328,,
5,60849,,0.30486226081848145,,
5,60899,,0.27125871181488037,,
5,60949,,0.2781461477279663,,
5,60999,,0.18134410679340363,,
5,61049,,0.21679338812828064,,
5,61099,,0.25363433361053467,,
5,61149,,0.23636746406555176,,
5,61199,,0.23513033986091614,,
5,61249,,0.19802895188331604,,
5,61299,,0.2816447913646698,,
5,61349,,0.23889154195785522,,
5,61399,,0.20704060792922974,,
5,61449,,0.23339781165122986,,
5,61499,,0.242045596241951,,
5,61549,,0.23615264892578125,,
5,61599,,0.2538459002971649,,
5,61649,,0.2594934105873108,,
5,61699,,0.21014712750911713,,
5,61749,,0.21805211901664734,,
5,61799,,0.2162906378507614,,
5,61849,,0.2696782350540161,,
5,61899,,0.2732155919075012,,
5,61949,,0.2765185832977295,,
5,61999,,0.3139004707336426,,
5,62049,,0.2858436703681946,,
5,62099,,0.306696355342865,,
5,62149,,0.21031402051448822,,
5,62199,,0.24778860807418823,,
5,62249,,0.26421231031417847,,
5,62299,,0.22764751315116882,,
5,62349,,0.2822335362434387,,
5,62399,,0.2512339949607849,,
5,62449,,0.2129225730895996,,
5,62499,,0.31755542755126953,,
5,62549,,0.24932807683944702,,
5,62599,,0.19991984963417053,,
5,62649,,0.21017251908779144,,
5,62699,,0.16769060492515564,,
5,62749,,0.2212294191122055,,
5,62799,,0.24126878380775452,,
5,62849,,0.26227664947509766,,
5,62899,,0.2429610639810562,,
5,62949,,0.21982423961162567,,
5,62999,,0.1650724709033966,,
5,63049,,0.23867478966712952,,
5,63099,,0.2666594386100769,,
5,63149,,0.28443777561187744,,
5,63199,,0.16477301716804504,,
5,63249,,0.28700679540634155,,
5,63299,,0.20515210926532745,,
5,63349,,0.26591286063194275,,
5,63399,,0.21319203078746796,,
5,63449,,0.34722739458084106,,
5,63499,,0.30583077669143677,,
5,63549,,0.17953573167324066,,
5,63599,,0.1702457070350647,,
5,63649,,0.29205018281936646,,
5,63699,,0.27438563108444214,,
5,63749,,0.24563054740428925,,
5,63799,,0.21554696559906006,,
5,63849,,0.25343120098114014,,
5,63899,,0.28809893131256104,,
5,63949,,0.2575862407684326,,
5,63999,,0.2635321021080017,,
5,64049,,0.21630384027957916,,
5,64099,,0.20600029826164246,,
5,64149,,0.228532612323761,,
5,64199,,0.22303414344787598,,
5,64249,,0.26027560234069824,,
5,64299,,0.2538164258003235,,
5,64349,,0.20616696774959564,,
5,64399,,0.259357213973999,,
5,64449,,0.2514572739601135,,
5,64499,,0.2559796869754791,,
5,64549,,0.25099968910217285,,
5,64599,,0.24936383962631226,,
5,64649,,0.26884862780570984,,
5,64699,,0.1908046007156372,,
5,64749,,0.2722461223602295,,
5,64799,,0.25474074482917786,,
5,64849,,0.2258135825395584,,
5,64899,,0.18375612795352936,,
5,64949,,0.26561298966407776,,
5,64999,,0.25709059834480286,,
5,65049,,0.30720439553260803,,
5,65099,,0.19029200077056885,,
5,65149,,0.27911651134490967,,
5,65199,,0.24913395941257477,,
5,65249,,0.19590629637241364,,
5,65299,,0.26647794246673584,,
5,65349,,0.24823763966560364,,
5,65399,,0.18935418128967285,,
5,65449,,0.2618412375450134,,
5,65499,,0.25661566853523254,,
5,65549,,0.2650192081928253,,
5,65599,,0.25092440843582153,,
5,65649,,0.2299739122390747,,
5,65699,,0.2684270143508911,,
5,65749,,0.25065338611602783,,
5,65799,,0.2124507576227188,,
5,65849,,0.22645115852355957,,
5,65899,,0.22441010177135468,,
5,65949,,0.2544982433319092,,
5,65999,,0.21622741222381592,,
5,66049,,0.21230590343475342,,
5,66099,,0.23555544018745422,,
5,66149,,0.26983869075775146,,
5,66199,,0.25436097383499146,,
5,66249,,0.20625078678131104,,
5,66299,,0.25456148386001587,,
5,66349,,0.17584387958049774,,
5,66399,,0.17097078263759613,,
5,66449,,0.2952679991722107,,
5,66499,,0.18637345731258392,,
5,66549,,0.2593667209148407,,
5,66599,,0.21213912963867188,,
5,66649,,0.24167773127555847,,
5,66699,,0.28203147649765015,,
5,66749,,0.2888885736465454,,
5,66799,,0.20817726850509644,,
5,66849,,0.2236047387123108,,
5,66899,,0.23428583145141602,,
5,66949,,0.3013954758644104,,
5,66999,,0.26242926716804504,,
5,67049,,0.22243691980838776,,
5,67099,,0.22689063847064972,,
5,67149,,0.2755882740020752,,
5,67199,,0.24417516589164734,,
5,67249,,0.2302980124950409,,
5,67299,,0.2378508746623993,,
5,67349,,0.2707449197769165,,
5,67399,,0.21330714225769043,,
5,67449,,0.18258848786354065,,
5,67499,,0.2776517868041992,,
5,67549,,0.3156718313694,,
5,67599,,0.238148495554924,,
5,67649,,0.1810023933649063,,
5,67699,,0.21200504899024963,,
5,67749,,0.24980910122394562,,
5,67799,,0.24206283688545227,,
5,67849,,0.1633748710155487,,
5,67899,,0.19259513914585114,,
5,67949,,0.20449990034103394,,
5,67999,,0.20510755479335785,,
5,68049,,0.2659839987754822,,
5,68099,,0.25521939992904663,,
5,68149,,0.3116200566291809,,
5,68199,,0.20832353830337524,,
5,68249,,0.21563738584518433,,
5,68299,,0.21934610605239868,,
5,68349,,0.24919447302818298,,
5,68399,,0.18608970940113068,,
5,68449,,0.23133467137813568,,
5,68499,,0.2713387608528137,,
5,68549,,0.2689592242240906,,
5,68599,,0.2318095564842224,,
5,68649,,0.2398538887500763,,
5,68699,,0.1946691870689392,,
5,68749,,0.2686602473258972,,
5,68799,,0.1715555042028427,,
5,68849,,0.18293416500091553,,
5,68899,,0.21937879920005798,,
5,68949,,0.2017155885696411,,
5,68999,,0.25018948316574097,,
5,69049,,0.2762705087661743,,
5,69099,,0.25725239515304565,,
5,69149,,0.22821158170700073,,
5,69199,,0.2164180874824524,,
5,69249,,0.213402658700943,,
5,69299,,0.22709454596042633,,
5,69349,,0.23205232620239258,,
5,69399,,0.24996501207351685,,
5,69449,,0.20517906546592712,,
5,69499,,0.27912551164627075,,
5,69549,,0.2583979070186615,,
5,69599,,0.20182913541793823,,
5,69649,,0.2512354254722595,,
5,69699,,0.2781427204608917,,
5,69749,,0.22768092155456543,,
5,69799,,0.2305266410112381,,
5,69849,,0.25838515162467957,,
5,69899,,0.26248177886009216,,
5,69949,,0.2547678053379059,,
5,69999,,0.28295737504959106,,
5,70049,,0.18865180015563965,,
5,70099,,0.19568714499473572,,
5,70149,,0.234491229057312,,
5,70199,,0.2900928854942322,,
5,70249,,0.21196578443050385,,
5,70299,,0.19482479989528656,,
5,70349,,0.2783985733985901,,
5,70399,,0.19932840764522552,,
5,70449,,0.30107346177101135,,
5,70499,,0.2545926570892334,,
5,70549,,0.2854916453361511,,
5,70599,,0.23284520208835602,,
5,70649,,0.2310926914215088,,
5,70699,,0.224010169506073,,
5,70749,,0.2610397934913635,,
5,70799,,0.2062961310148239,,
5,70849,,0.1973419338464737,,
,3260,,,,0.49763166904449463
,3261,,,,0.14802327752113342
,3262,,,,0.1861393004655838
,3263,,,,0.13028185069561005
,3264,,,,0.1619589626789093
,3265,,,,0.33250415325164795
,3266,,,,0.20157718658447266
,3267,,,,0.3139553666114807
,3268,,,,0.36437368392944336
,3269,,,,0.21226604282855988
,3270,,,,0.10421386361122131
,3271,,,,0.3335616886615753
,3272,,,,0.13992363214492798
,3273,,,,0.2670579254627228
,3274,,,,0.14956340193748474
,3275,,,,0.18829236924648285
,3276,,,,0.18698127567768097
,3277,,,,0.06568729132413864
,3278,,,,0.04747428745031357
,3279,,,,0.06165134161710739
,3280,,,,0.10149998962879181
,3281,,,,0.07101386785507202
,3282,,,,0.09241366386413574
,3283,,,,0.2670232057571411
,3284,,,,0.2626897096633911
,3285,,,,0.24035903811454773
,3286,,,,0.1509663462638855
,3287,,,,0.32499217987060547
,3288,,,,0.18197405338287354
,3289,,,,0.19108176231384277
,3290,,,,0.08071033656597137
,3291,,,,0.2546551525592804
,3292,,,,0.20848748087882996
,3293,,,,0.17941401898860931
,3294,,,,0.13433781266212463
,3295,,,,0.10943462699651718
,3296,,,,0.15167871117591858
,3297,,,,0.09536582231521606
,3298,,,,0.48983272910118103
,3299,,,,0.45968395471572876
,3300,,,,0.32937413454055786
,3301,,,,0.36062708497047424
,3302,,,,0.46723848581314087
,3303,,,,0.7503413558006287
,3304,,,,0.2978668808937073
,3305,,,,0.36707139015197754
,3306,,,,0.20320257544517517
,3307,,,,0.33118966221809387
,3308,,,,0.19730892777442932
,3309,,,,0.08185805380344391
,3310,,,,0.13728787004947662
,3311,,,,0.11700649559497833
,3312,,,,0.18254265189170837
,3313,,,,0.26704686880111694
,3314,,,,0.3218008875846863
,3315,,,,0.20686958730220795
,3316,,,,0.12187540531158447
,3317,,,,0.12914320826530457
,3318,,,,0.18520505726337433
,3319,,,,0.1304394006729126
,3320,,,,0.23345112800598145
,3321,,,,0.19778630137443542
,3322,,,,0.14313501119613647
,3323,,,,0.2643638551235199
,3324,,,,0.3216685652732849
,3325,,,,0.40415942668914795
,3326,,,,0.25101983547210693
,3327,,,,0.15429367125034332
,3328,,,,0.1025581806898117
,3329,,,,0.03843994811177254
,3330,,,,0.1702878177165985
,3331,,,,0.21833650767803192
,3332,,,,0.24094703793525696
,3333,,,,0.23713555932044983
,3334,,,,0.12237151712179184
,3335,,,,0.08163744956254959
,3336,,,,0.2185954600572586
,3337,,,,0.1984955072402954
,3338,,,,0.4240790605545044
,3339,,,,0.29015976190567017
,3340,,,,0.22455941140651703
,3341,,,,0.2780141830444336
,3342,,,,0.09508231282234192
,3343,,,,0.24249473214149475
,3344,,,,0.11814025044441223
,3345,,,,0.20520013570785522
,3346,,,,0.10241490602493286
,3347,,,,0.2852177023887634
,3348,,,,0.3828917145729065
,3349,,,,0.1935897171497345
,3350,,,,0.7486142516136169
,3351,,,,0.3093743324279785
,3352,,,,0.11581365019083023
,3353,,,,0.2828592360019684
,3354,,,,0.18737001717090607
,3355,,,,0.1693856567144394
,3356,,,,0.24955439567565918
,3357,,,,0.08085291087627411
,3358,,,,0.0959792211651802
,3359,,,,0.12453415989875793
,3360,,,,0.09262314438819885
,3361,,,,0.29401451349258423
,3362,,,,0.21325355768203735
,3363,,,,0.3069627583026886
,3364,,,,0.17361149191856384
,3365,,,,0.21624313294887543
,3366,,,,0.18473565578460693
,3367,,,,0.21158331632614136
,3368,,,,0.21050018072128296
,3369,,,,0.1610071361064911
,3370,,,,0.12772411108016968
,3371,,,,0.2673524022102356
,3372,,,,0.26748329401016235
,3373,,,,0.7045286893844604
,3374,,,,0.1938851773738861
,3375,,,,0.2992579936981201
,3376,,,,0.5386523604393005
,3377,,,,0.2963303029537201
,3378,,,,0.19498416781425476
,3379,,,,0.3450345993041992
,3380,,,,0.20885252952575684
,3381,,,,0.17823052406311035
,3382,,,,0.1665572226047516
,3383,,,,0.19930782914161682
,3384,,,,0.18219637870788574
,3385,,,,0.12960457801818848
,3386,,,,0.20403659343719482
,3387,,,,0.12440125644207001
,3388,,,,0.188595712184906
,3389,,,,0.07200682163238525
,3390,,,,0.10384459048509598
,3391,,,,0.18973605334758759
,3392,,,,0.28964194655418396
,3393,,,,0.24971246719360352
,3394,,,,0.13010799884796143
,3395,,,,0.5489968061447144
,3396,,,,0.1786290407180786
,3397,,,,0.5679615139961243
,3398,,,,0.2969694137573242
,3399,,,,0.19972233474254608
,3400,,,,0.1979186236858368
,3401,,,,0.18509429693222046
,3402,,,,0.2242906391620636
,3403,,,,0.23763835430145264
,3404,,,,0.14623889327049255
,3405,,,,0.25749343633651733
,3406,,,,0.3292228579521179
,3407,,,,0.16991953551769257
,3408,,,,0.14295844733715057
,3409,,,,0.3410305976867676
,3410,,,,0.19679763913154602
,3411,,,,0.16885393857955933
,3412,,,,0.29760611057281494
,3413,,,,0.16769936680793762
,3414,,,,0.10010217130184174
,3415,,,,0.6999313831329346
,3416,,,,0.36639174818992615
,3417,,,,0.5128628015518188
,3418,,,,0.5412521958351135
,3419,,,,0.2553786337375641
,3420,,,,0.4891052842140198
,3421,,,,0.0466647669672966
,3422,,,,0.1897992044687271
,3423,,,,0.15618963539600372
,3424,,,,0.2745157480239868
,3425,,,,0.2029964178800583
,3426,,,,0.2044193148612976
,3427,,,,0.22159165143966675
,3428,,,,0.14180757105350494
,3429,,,,0.4958253502845764
,3430,,,,0.14573554694652557
,3431,,,,0.18221423029899597
,3432,,,,0.24397554993629456
,3433,,,,0.10265863686800003
,3434,,,,0.072658009827137
,3435,,,,0.4699948728084564
,3436,,,,0.24634453654289246
,3437,,,,0.22336068749427795
,3438,,,,0.26496267318725586
,3439,,,,0.20311608910560608
,3440,,,,0.23568230867385864
,3441,,,,0.08947212994098663
,3442,,,,0.17055343091487885
,3443,,,,0.11713443696498871
,3444,,,,0.3824651837348938
,3445,,,,0.18407222628593445
,3446,,,,0.21262185275554657
,3447,,,,0.440891832113266
,3448,,,,0.12628816068172455
,3449,,,,0.14322739839553833
,3450,,,,0.17816758155822754
,3451,,,,0.23443709313869476
,3452,,,,0.05597503483295441
,3453,,,,0.06873978674411774
,3454,,,,0.10366809368133545
,3455,,,,0.31345632672309875
,3456,,,,0.27346932888031006
,3457,,,,0.10968911647796631
,3458,,,,0.20724229514598846
,3459,,,,0.19995790719985962
,3460,,,,0.06050916388630867
,3461,,,,0.2654355466365814
,3462,,,,0.18785333633422852
,3463,,,,0.25115224719047546
,3464,,,,0.23633381724357605
,3465,,,,0.18706156313419342
,3466,,,,0.12969908118247986
,3467,,,,0.3775399923324585
,3468,,,,0.18727003037929535
,3469,,,,0.13386623561382294
,3470,,,,0.1327212154865265
,3471,,,,0.21195469796657562
,3472,,,,0.1807679682970047
,3473,,,,0.09058937430381775
,3474,,,,0.1264161616563797
,3475,,,,0.1644601821899414
,3476,,,,0.17794203758239746
,3477,,,,0.10917091369628906
,3478,,,,0.2257407307624817
,3479,,,,0.15231019258499146
,3480,,,,0.11175915598869324
,3481,,,,0.3430124521255493
,3482,,,,0.19543898105621338
,3483,,,,0.15775932371616364
,3484,,,,0.23614275455474854
,3485,,,,0.35887035727500916
,3486,,,,0.10930106043815613
,3487,,,,0.7971184253692627
,3488,,,,0.6308409571647644
,3489,,,,0.6151608228683472
,3490,,,,0.2484034150838852
,3491,,,,0.1269155740737915
,3492,,,,0.4102885127067566
,3493,,,,0.28837960958480835
,3494,,,,0.15164750814437866
,3495,,,,0.07981915771961212
,3496,,,,0.16658803820610046
,3497,,,,0.15211346745491028
,3498,,,,0.1736333668231964
,3499,,,,0.06257911026477814
,3500,,,,0.268271267414093
,3501,,,,0.3909904956817627
,3502,,,,0.07654193788766861
,3503,,,,0.2270045280456543
,3504,,,,0.2647218108177185
,3505,,,,0.43977612257003784
,3506,,,,0.1254105418920517
,3507,,,,0.47252157330513
,3508,,,,0.45775550603866577
,3509,,,,0.12117855995893478
,3510,,,,0.2725716829299927
,3511,,,,0.4466926157474518
,3512,,,,0.6013518571853638
,3513,,,,0.5312415957450867
,3514,,,,0.22174841165542603
,3515,,,,0.26079797744750977
,3516,,,,0.16037851572036743
,3517,,,,0.07780173420906067
,3518,,,,0.07084532827138901
,3519,,,,0.1550195962190628
,3520,,,,0.28424808382987976
,3521,,,,0.42891019582748413
,3522,,,,0.1424063742160797
,3523,,,,0.14595814049243927
,3524,,,,0.27796369791030884
,3525,,,,0.42776232957839966
,3526,,,,0.5769116878509521
,3527,,,,0.39126157760620117
,3528,,,,0.40524399280548096
,3529,,,,0.1441335827112198
,3530,,,,0.059000447392463684
,3531,,,,0.07174932211637497
,3532,,,,0.1864728033542633
,3533,,,,0.08911969512701035
,3534,,,,0.36715126037597656
,3535,,,,0.10939622670412064
,3536,,,,0.1817987561225891
,3537,,,,0.1256551444530487
,3538,,,,0.363424688577652
,3539,,,,0.49157869815826416
,3540,,,,0.3308330774307251
,3541,,,,0.20754125714302063
,3542,,,,0.13016116619110107
,3543,,,,0.24774977564811707
,3544,,,,0.4780768156051636
,3545,,,,0.2357633113861084
,3546,,,,0.32176071405410767
,3547,,,,0.07183397561311722
,3548,,,,0.5622738599777222
,3549,,,,0.30190715193748474
,3550,,,,0.4220223128795624
,3551,,,,0.19834505021572113
,3552,,,,0.5317118167877197
,3553,,,,0.5430276393890381
,3554,,,,0.15567845106124878
,3555,,,,0.30731070041656494
,3556,,,,0.15550357103347778
,3557,,,,0.6433166265487671
,3558,,,,0.2854181230068207
,3559,,,,0.3071705996990204
,3560,,,,0.16953042149543762
,3561,,,,0.07090204954147339
,3562,,,,0.2525741457939148
,3563,,,,0.20860254764556885
,3564,,,,0.15990908443927765
,3565,,,,0.15612034499645233
,3566,,,,0.5874348282814026
,3567,,,,0.1371934860944748
,3568,,,,0.15309444069862366
,3569,,,,0.10643665492534637
,3570,,,,0.36999404430389404
,3571,,,,0.34835928678512573
,3572,,,,0.1266847550868988
,3573,,,,0.17200861871242523
,3574,,,,0.11761675775051117
,3575,,,,0.1082361713051796
,3576,,,,0.1494901478290558
,3577,,,,0.4006726145744324
,3578,,,,0.27524465322494507
,3579,,,,0.2465868592262268
,3580,,,,0.06108776852488518
,3581,,,,0.22069141268730164
,3582,,,,0.29670920968055725
,3583,,,,0.25296592712402344
,3584,,,,0.1814001202583313
,3585,,,,0.17417578399181366
,3586,,,,0.12220270931720734
,3587,,,,0.11546528339385986
,3588,,,,0.11917253583669662
,3589,,,,0.28815075755119324
,3590,,,,0.19991743564605713
,3591,,,,0.13521087169647217
,3592,,,,0.23247866332530975
,3593,,,,0.2682023346424103
,3594,,,,0.15406575798988342
,3595,,,,0.5673255920410156
,3596,,,,0.43618810176849365
,3597,,,,0.3469555974006653
,3598,,,,0.15975069999694824
,3599,,,,0.430851548910141
,3600,,,,0.2321092188358307
,3601,,,,0.2213517427444458
,3602,,,,0.49742811918258667
,3603,,,,0.09111149609088898
,3604,,,,0.17248404026031494
,3605,,,,0.17780178785324097
,3606,,,,0.16107314825057983
,3607,,,,0.15919211506843567
,3608,,,,0.08142822980880737
,3609,,,,0.058329179883003235
,3610,,,,0.24319836497306824
,3611,,,,0.21193629503250122
,3612,,,,0.21115535497665405
,3613,,,,0.4389040470123291
,3614,,,,0.19890229403972626
,3615,,,,0.36170047521591187
,3616,,,,0.47268596291542053
,3617,,,,0.2889227271080017
,3618,,,,0.17391303181648254
,3619,,,,0.08327790349721909
,3620,,,,0.11806616187095642
,3621,,,,0.20565706491470337
,3622,,,,0.13951657712459564
,3623,,,,0.4263554513454437
,3624,,,,0.2804298400878906
,3625,,,,0.17205387353897095
,3626,,,,0.13229264318943024
,3627,,,,0.5083970427513123
,3628,,,,0.10534147173166275
,3629,,,,0.7010912895202637
,3630,,,,0.24936091899871826
,3631,,,,0.7379650473594666
,3632,,,,0.3625650107860565
,3633,,,,0.33306828141212463
,3634,,,,0.5342810153961182
,3635,,,,0.3167712986469269
,3636,,,,0.6602556705474854
,3637,,,,0.20970699191093445
,3638,,,,0.10326962172985077
,3639,,,,0.0981217622756958
,3640,,,,0.25112634897232056
,3641,,,,0.21503418684005737
,3642,,,,0.34230053424835205
,3643,,,,0.34344226121902466
,3644,,,,0.20191961526870728
,3645,,,,0.1287791132926941
,3646,,,,0.06630440801382065
,3647,,,,0.3395514488220215
,3648,,,,0.1551317274570465
,3649,,,,0.3066065013408661
,3650,,,,0.16749364137649536
,3651,,,,0.34061580896377563
,3652,,,,0.3423303961753845
,3653,,,,0.1334778368473053
,3654,,,,0.10050632804632187
,3655,,,,0.16022491455078125
,3656,,,,0.10087519884109497
,3657,,,,0.38578593730926514
,3658,,,,0.33710795640945435
,3659,,,,0.2035326063632965
,3660,,,,0.23291070759296417
,3661,,,,0.3179691433906555
,3662,,,,0.23642036318778992
,3663,,,,0.2928018569946289
,3664,,,,0.10088610649108887
,3665,,,,0.4634900391101837
,3666,,,,0.09944304078817368
,3667,,,,0.3947170376777649
,3668,,,,0.19569973647594452
,3669,,,,0.32767730951309204
,3670,,,,0.5019647479057312
,3671,,,,0.1283228099346161
,3672,,,,0.5322585105895996
,3673,,,,0.046477243304252625
,3674,,,,0.4954671263694763
,3675,,,,0.23334631323814392
,3676,,,,0.24383074045181274
,3677,,,,0.09860843420028687
,3678,,,,0.1818397343158722
,3679,,,,0.10458666831254959
,3680,,,,0.20282113552093506
,3681,,,,0.4122515618801117
,3682,,,,0.1600998342037201
,3683,,,,0.14940060675144196
,3684,,,,0.2375718355178833
,3685,,,,0.04590567201375961
,3686,,,,0.10508857667446136
,3687,,,,0.16329382359981537
,3688,,,,0.16894423961639404
,3689,,,,0.294171541929245
,3690,,,,0.19391405582427979
,3691,,,,0.22268640995025635
,3692,,,,0.12308095395565033
,3693,,,,0.09891319274902344
,3694,,,,0.285988450050354
,3695,,,,0.0797840803861618
,3696,,,,0.19290480017662048
,3697,,,,0.12717510759830475
,3698,,,,0.15114760398864746
,3699,,,,0.06682664155960083
,3700,,,,0.09399105608463287
,3701,,,,0.28644275665283203
,3702,,,,0.2725229263305664
,3703,,,,0.1329220086336136
,3704,,,,0.22446778416633606
,3705,,,,0.176327645778656
,3706,,,,0.2430305927991867
,3707,,,,0.33322960138320923
,3708,,,,0.34748777747154236
,3709,,,,0.2839294672012329
,3710,,,,0.5717329978942871
,3711,,,,0.21723748743534088
,3712,,,,0.1806885302066803
,3713,,,,0.1795811951160431
,3714,,,,0.14389106631278992
,3715,,,,0.09046381711959839
,3716,,,,0.3370477557182312
,3717,,,,0.417725145816803
,3718,,,,0.12346240878105164
,3719,,,,0.13075920939445496
,3720,,,,0.06532328575849533
,3721,,,,0.27450332045555115
,3722,,,,0.20519784092903137
,3723,,,,0.07187152653932571
,3724,,,,0.11372573673725128
,3725,,,,0.08497966825962067
,3726,,,,0.02956647425889969
,3727,,,,0.04647313058376312
,3728,,,,0.05545269697904587
,3729,,,,0.07170858979225159
,3730,,,,0.11323544383049011
,3731,,,,0.11850018799304962
,3732,,,,0.08985047042369843
,3733,,,,0.06781981885433197
,3734,,,,0.05588380992412567
,3735,,,,0.13013577461242676
,3736,,,,0.048563942313194275
,3737,,,,0.17704713344573975
,3738,,,,0.08739955723285675
,3739,,,,0.11947797238826752
,3740,,,,0.05692261457443237
,3741,,,,0.25579631328582764
,3742,,,,0.25361961126327515
,3743,,,,0.2501320242881775
,3744,,,,0.4914582073688507
,3745,,,,0.1850651353597641
,3746,,,,0.1767924726009369
,3747,,,,0.2836621105670929
,3748,,,,0.2441767007112503
,3749,,,,0.12625236809253693
,3750,,,,0.25732657313346863
,3751,,,,0.277260422706604
,3752,,,,0.18021045625209808
,3753,,,,0.27257367968559265
,3754,,,,0.07435478270053864
,3755,,,,0.15266981720924377
,3756,,,,0.09740789234638214
,3757,,,,0.053805481642484665
,3758,,,,0.03587721660733223
,3759,,,,0.06785062700510025
,3760,,,,0.0818457156419754
,3761,,,,0.09300331771373749
,3762,,,,0.16654609143733978
,3763,,,,0.08704085648059845
,3764,,,,0.058291397988796234
,3765,,,,0.03885141760110855
,3766,,,,0.18015974760055542
,3767,,,,0.4764050245285034
,3768,,,,0.38445723056793213
,3769,,,,0.3367345631122589
,3770,,,,0.25100594758987427
,3771,,,,0.1854693740606308
,3772,,,,0.2436225712299347
,3773,,,,0.28882330656051636
,3774,,,,0.36140838265419006
,3775,,,,0.44570112228393555
,3776,,,,0.33790600299835205
,3777,,,,0.3734784722328186
,3778,,,,0.11757420003414154
,3779,,,,0.14098162949085236
,3780,,,,0.2173696607351303
,3781,,,,0.15041419863700867
,3782,,,,0.165108323097229
,3783,,,,0.25495749711990356
,3784,,,,0.05519574508070946
,3785,,,,0.17075055837631226
,3786,,,,0.09398555755615234
,3787,,,,0.09347021579742432
,3788,,,,0.24865369498729706
,3789,,,,0.14095249772071838
,3790,,,,0.10898125171661377
,3791,,,,0.1725839078426361
,3792,,,,0.3133767247200012
,3793,,,,0.30223599076271057
,3794,,,,0.07105426490306854
,3795,,,,0.19966423511505127
,3796,,,,0.1310461461544037
,3797,,,,0.21112947165966034
,3798,,,,0.15461423993110657
,3799,,,,0.05220210552215576
,3800,,,,0.10201495885848999
,3801,,,,0.07041175663471222
,3802,,,,0.28946244716644287
,3803,,,,0.3294898569583893
,3804,,,,0.21599695086479187
,3805,,,,0.10789986699819565
,3806,,,,0.3892146348953247
,3807,,,,0.23854760825634003
,3808,,,,0.297249972820282
,3809,,,,0.2766234278678894
,3810,,,,0.15555569529533386
,3811,,,,0.33030200004577637
,3812,,,,0.3862721621990204
,3813,,,,0.2888343930244446
,3814,,,,0.15587975084781647
,3815,,,,0.08829018473625183
,3816,,,,0.3065672516822815
,3817,,,,0.2308492660522461
,3818,,,,0.8694177269935608
,3819,,,,0.2708961069583893
,3820,,,,0.1663893461227417
,3821,,,,0.42426180839538574
,3822,,,,0.13601979613304138
,3823,,,,0.38116586208343506
,3824,,,,0.32014715671539307
,3825,,,,0.18601185083389282
,3826,,,,0.09354156255722046
,3827,,,,0.4001692533493042
,3828,,,,0.08345221728086472
,3829,,,,0.2717747688293457
,3830,,,,0.15459907054901123
,3831,,,,0.09281344711780548
,3832,,,,0.1428644359111786
,3833,,,,0.35623273253440857
,3834,,,,0.220079243183136
,3835,,,,0.24628618359565735
,3836,,,,0.13483434915542603
,3837,,,,0.21228156983852386
,3838,,,,0.11468538641929626
,3839,,,,0.2546473443508148
,3840,,,,0.24988684058189392
,3841,,,,0.8267446160316467
,3842,,,,0.40476855635643005
,3843,,,,0.17751392722129822
,3844,,,,0.2709999680519104
,3845,,,,0.6191974878311157
,3846,,,,0.5360584259033203
,3847,,,,0.14820481836795807
,3848,,,,0.49958887696266174
,3849,,,,0.234918013215065
,3850,,,,0.19349560141563416
,3851,,,,0.24991938471794128
,3852,,,,0.15451905131340027
,3853,,,,0.3791366219520569
,3854,,,,0.1259240061044693
,3855,,,,0.26556411385536194
,3856,,,,0.22660933434963226
,3857,,,,0.569690465927124
,3858,,,,0.28963348269462585
,3859,,,,0.24169914424419403
,3860,,,,0.5272078514099121
,3861,,,,0.1254875659942627
,3862,,,,0.10915684700012207
,3863,,,,0.1830633580684662
,3864,,,,0.24938203394412994
,3865,,,,0.25844186544418335
,3866,,,,0.17001701891422272
,3867,,,,0.3576483726501465
,3868,,,,0.23550213873386383
,3869,,,,0.17364023625850677
,3870,,,,0.1982753723859787
,3871,,,,0.11004460602998734
,3872,,,,0.09316501021385193
,3873,,,,0.07389214634895325
,3874,,,,0.25801220536231995
,3875,,,,0.17001385986804962
,3876,,,,0.2254643589258194
,3877,,,,0.20108944177627563
,3878,,,,0.2212826907634735
,3879,,,,0.36706459522247314
,3880,,,,0.30873537063598633
,3881,,,,0.08839305490255356
,3882,,,,0.17018789052963257
,3883,,,,0.19113214313983917
,3884,,,,0.24701891839504242
,3885,,,,0.16596733033657074
,3886,,,,0.3276764750480652
,3887,,,,0.20133155584335327
,3888,,,,0.21334907412528992
,3889,,,,0.08870918303728104
,3890,,,,0.08151890337467194
,3891,,,,0.19822855293750763
,3892,,,,0.13649161159992218
,3893,,,,0.2760399281978607
,3894,,,,0.33329910039901733
,3895,,,,0.21314266324043274
,3896,,,,0.2528923451900482
,3897,,,,0.317714661359787
,3898,,,,0.0933697447180748
,3899,,,,0.4004805088043213
,3900,,,,0.27726203203201294
,3901,,,,0.2321871519088745
,3902,,,,0.24619358777999878
,3903,,,,0.11775556206703186
,3904,,,,0.04660249873995781
,3905,,,,0.04099113121628761
,3906,,,,0.24575211107730865
,3907,,,,0.480866014957428
,3908,,,,0.16341328620910645
,3909,,,,0.38197562098503113
,3910,,,,0.3769994378089905
,3911,,,,0.1747702807188034
5,70877,,,0.23306582868099213,
5,70877,0.24002692103385925,,,
6,70899,,0.2403741478919983,,
6,70949,,0.17576901614665985,,
6,70999,,0.2286319136619568,,
6,71049,,0.19464142620563507,,
6,71099,,0.23781844973564148,,
6,71149,,0.24754375219345093,,
6,71199,,0.24705371260643005,,
6,71249,,0.26870325207710266,,
6,71299,,0.2670009434223175,,
6,71349,,0.23568212985992432,,
6,71399,,0.18838103115558624,,
6,71449,,0.20356428623199463,,
6,71499,,0.16185326874256134,,
6,71549,,0.21959108114242554,,
6,71599,,0.2209407091140747,,
6,71649,,0.23298801481723785,,
6,71699,,0.25288504362106323,,
6,71749,,0.26944994926452637,,
6,71799,,0.2475804090499878,,
6,71849,,0.23003442585468292,,
6,71899,,0.2232862412929535,,
6,71949,,0.23425690829753876,,
6,71999,,0.2536987364292145,,
6,72049,,0.27190232276916504,,
6,72099,,0.2134125977754593,,
6,72149,,0.2439393401145935,,
6,72199,,0.24858695268630981,,
6,72249,,0.2357102483510971,,
6,72299,,0.17064951360225677,,
6,72349,,0.23984360694885254,,
6,72399,,0.2614405155181885,,
6,72449,,0.2548699676990509,,
6,72499,,0.26693397760391235,,
6,72549,,0.23363298177719116,,
6,72599,,0.2185194045305252,,
6,72649,,0.2097254991531372,,
6,72699,,0.22665221989154816,,
6,72749,,0.24561214447021484,,
6,72799,,0.236962229013443,,
6,72849,,0.2539433538913727,,
6,72899,,0.22766095399856567,,
6,72949,,0.23497259616851807,,
6,72999,,0.2150864601135254,,
6,73049,,0.2607719600200653,,
6,73099,,0.2830541729927063,,
6,73149,,0.2583361864089966,,
6,73199,,0.2656688392162323,,
6,73249,,0.20234498381614685,,
6,73299,,0.24997247755527496,,
6,73349,,0.24836182594299316,,
6,73399,,0.22054819762706757,,
6,73449,,0.2567068338394165,,
6,73499,,0.21284788846969604,,
6,73549,,0.22156214714050293,,
6,73599,,0.2292395532131195,,
6,73649,,0.25643476843833923,,
6,73699,,0.27251163125038147,,
6,73749,,0.22275616228580475,,
6,73799,,0.22400930523872375,,
6,73849,,0.24751636385917664,,
6,73899,,0.21929088234901428,,
6,73949,,0.20615847408771515,,
6,73999,,0.1894308477640152,,
6,74049,,0.2486652433872223,,
6,74099,,0.2562633752822876,,
6,74149,,0.2596818208694458,,
6,74199,,0.24760925769805908,,
6,74249,,0.2158510386943817,,
6,74299,,0.2633665204048157,,
6,74349,,0.26133766770362854,,
6,74399,,0.20977723598480225,,
6,74449,,0.18936890363693237,,
6,74499,,0.24874897301197052,,
6,74549,,0.16144053637981415,,
6,74599,,0.22170056402683258,,
6,74649,,0.2010340839624405,,
6,74699,,0.18050356209278107,,
6,74749,,0.21883916854858398,,
6,74799,,0.3157631754875183,,
6,74849,,0.1584433615207672,,
6,74899,,0.21032725274562836,,
6,74949,,0.2343693971633911,,
6,74999,,0.2153395116329193,,
6,75049,,0.2656334638595581,,
6,75099,,0.16066119074821472,,
6,75149,,0.21608661115169525,,
6,75199,,0.18323969841003418,,
6,75249,,0.21402613818645477,,
6,75299,,0.21516358852386475,,
6,75349,,0.25596559047698975,,
6,75399,,0.22927400469779968,,
6,75449,,0.20433320105075836,,
6,75499,,0.2823698818683624,,
6,75549,,0.21025803685188293,,
6,75599,,0.17535844445228577,,
6,75649,,0.24983955919742584,,
6,75699,,0.2746919095516205,,
6,75749,,0.2176685333251953,,
6,75799,,0.23142702877521515,,
6,75849,,0.28099265694618225,,
6,75899,,0.20364497601985931,,
6,75949,,0.2308979332447052,,
6,75999,,0.22003775835037231,,
6,76049,,0.23287023603916168,,
6,76099,,0.22981679439544678,,
6,76149,,0.17958731949329376,,
6,76199,,0.3118627667427063,,
6,76249,,0.2033608853816986,,
6,76299,,0.2142728865146637,,
6,76349,,0.19567745923995972,,
6,76399,,0.20717927813529968,,
6,76449,,0.22836020588874817,,
6,76499,,0.2853824198246002,,
6,76549,,0.2998492121696472,,
6,76599,,0.19454362988471985,,
6,76649,,0.2969139814376831,,
6,76699,,0.2874257266521454,,
6,76749,,0.2591378390789032,,
6,76799,,0.3006790280342102,,
6,76849,,0.226675882935524,,
6,76899,,0.22903326153755188,,
6,76949,,0.2066522240638733,,
6,76999,,0.2917422652244568,,
6,77049,,0.2514781355857849,,
6,77099,,0.21507541835308075,,
6,77149,,0.2684561014175415,,
6,77199,,0.20909535884857178,,
6,77249,,0.17734137177467346,,
6,77299,,0.25634443759918213,,
6,77349,,0.2956424951553345,,
6,77399,,0.22557729482650757,,
6,77449,,0.24139326810836792,,
6,77499,,0.1644601821899414,,
6,77549,,0.2512390613555908,,
6,77599,,0.27515602111816406,,
6,77649,,0.21475833654403687,,
6,77699,,0.17746205627918243,,
6,77749,,0.19570599496364594,,
6,77799,,0.2312764823436737,,
6,77849,,0.265889048576355,,
6,77899,,0.28187867999076843,,
6,77949,,0.22075772285461426,,
6,77999,,0.19391420483589172,,
6,78049,,0.26006633043289185,,
6,78099,,0.22051024436950684,,
6,78149,,0.20549005270004272,,
6,78199,,0.29335102438926697,,
6,78249,,0.31918978691101074,,
6,78299,,0.34374427795410156,,
6,78349,,0.2058289647102356,,
6,78399,,0.2106163650751114,,
6,78449,,0.24056847393512726,,
6,78499,,0.2222476750612259,,
6,78549,,0.2526587247848511,,
6,78599,,0.18977218866348267,,
6,78649,,0.25034099817276,,
6,78699,,0.23822180926799774,,
6,78749,,0.15744061768054962,,
6,78799,,0.20507554709911346,,
6,78849,,0.24676044285297394,,
6,78899,,0.244760662317276,,
6,78949,,0.22277110815048218,,
6,78999,,0.2613237500190735,,
6,79049,,0.2142947018146515,,
6,79099,,0.2640547752380371,,
6,79149,,0.24792343378067017,,
6,79199,,0.2533057630062103,,
6,79249,,0.2146003246307373,,
6,79299,,0.2554389536380768,,
6,79349,,0.19114771485328674,,
6,79399,,0.26030662655830383,,
6,79449,,0.2771064043045044,,
6,79499,,0.2871500551700592,,
6,79549,,0.25893276929855347,,
6,79599,,0.21197494864463806,,
6,79649,,0.2702444791793823,,
6,79699,,0.21803098917007446,,
6,79749,,0.26405274868011475,,
6,79799,,0.2091459035873413,,
6,79849,,0.2007819265127182,,
6,79899,,0.23333200812339783,,
6,79949,,0.20912125706672668,,
6,79999,,0.23391364514827728,,
6,80049,,0.2369341105222702,,
6,80099,,0.3098033666610718,,
6,80149,,0.21133658289909363,,
6,80199,,0.22114606201648712,,
6,80249,,0.2830246388912201,,
6,80299,,0.25019311904907227,,
6,80349,,0.22945648431777954,,
6,80399,,0.17853762209415436,,
6,80449,,0.19681301712989807,,
6,80499,,0.28541046380996704,,
6,80549,,0.20868653059005737,,
6,80599,,0.2090315818786621,,
6,80649,,0.23411081731319427,,
6,80699,,0.18150481581687927,,
6,80749,,0.25836533308029175,,
6,80799,,0.2254505455493927,,
6,80849,,0.1827208548784256,,
6,80899,,0.22241073846817017,,
6,80949,,0.23900574445724487,,
6,80999,,0.1746988296508789,,
6,81049,,0.2058415412902832,,
6,81099,,0.2707751393318176,,
6,81149,,0.23376615345478058,,
6,81199,,0.21337133646011353,,
6,81249,,0.2425934374332428,,
6,81299,,0.2844158411026001,,
6,81349,,0.254057377576828,,
6,81399,,0.2321445643901825,,
6,81449,,0.3176388144493103,,
6,81499,,0.19363810122013092,,
6,81549,,0.32826659083366394,,
6,81599,,0.2373894453048706,,
6,81649,,0.21124039590358734,,
6,81699,,0.297934353351593,,
6,81749,,0.19837011396884918,,
6,81799,,0.2001115083694458,,
6,81849,,0.2070731371641159,,
6,81899,,0.22617222368717194,,
6,81949,,0.2292799949645996,,
6,81999,,0.21944820880889893,,
6,82049,,0.2165495604276657,,
6,82099,,0.1990242898464203,,
6,82149,,0.2068321704864502,,
6,82199,,0.22994527220726013,,
6,82249,,0.20213061571121216,,
6,82299,,0.27135300636291504,,
6,82349,,0.20731383562088013,,
6,82399,,0.27693304419517517,,
6,82449,,0.27925577759742737,,
6,82499,,0.2265152931213379,,
6,82549,,0.2508629560470581,,
6,82599,,0.2841673195362091,,
6,82649,,0.23393923044204712,,
,3912,,,,0.3855299949645996
,3913,,,,0.10037104785442352
,3914,,,,0.19133852422237396
,3915,,,,0.20681039988994598
,3916,,,,0.09349136054515839
,3917,,,,0.26623791456222534
,3918,,,,0.198375403881073
,3919,,,,0.30305665731430054
,3920,,,,0.4034070372581482
,3921,,,,0.2401656061410904
,3922,,,,0.10836057364940643
,3923,,,,0.36024948954582214
,3924,,,,0.1332380175590515
,3925,,,,0.28347277641296387
,3926,,,,0.13119842112064362
,3927,,,,0.12481421232223511
,3928,,,,0.20769855380058289
,3929,,,,0.08010908216238022
,3930,,,,0.07376886904239655
,3931,,,,0.10910175740718842
,3932,,,,0.12476953864097595
,3933,,,,0.06645853817462921
,3934,,,,0.08695274591445923
,3935,,,,0.2119012176990509
,3936,,,,0.24839326739311218
,3937,,,,0.2568056583404541
,3938,,,,0.1255985051393509
,3939,,,,0.3136085271835327
,3940,,,,0.2187395691871643
,3941,,,,0.19199511408805847
,3942,,,,0.1019163429737091
,3943,,,,0.25928550958633423
,3944,,,,0.1936185657978058
,3945,,,,0.1880057156085968
,3946,,,,0.12873372435569763
,3947,,,,0.09683181345462799
,3948,,,,0.10827754437923431
,3949,,,,0.07473250478506088
,3950,,,,0.4814503788948059
,3951,,,,0.4746660590171814
,3952,,,,0.3388345539569855
,3953,,,,0.3532297909259796
,3954,,,,0.46381980180740356
,3955,,,,0.7123426198959351
,3956,,,,0.2949032783508301
,3957,,,,0.30155426263809204
,3958,,,,0.1978015899658203
,3959,,,,0.31237858533859253
,3960,,,,0.2016511857509613
,3961,,,,0.06308802962303162
,3962,,,,0.13590264320373535
,3963,,,,0.1298513114452362
,3964,,,,0.21738623082637787
,3965,,,,0.2857133150100708
,3966,,,,0.3261773884296417
,3967,,,,0.19351261854171753
,3968,,,,0.11723843216896057
,3969,,,,0.13113635778427124
,3970,,,,0.16679039597511292
,3971,,,,0.14010170102119446
,3972,,,,0.256635457277298
,3973,,,,0.19974592328071594
,3974,,,,0.15669484436511993
,3975,,,,0.2672802805900574
,3976,,,,0.3293183445930481
,3977,,,,0.4323062300682068
,3978,,,,0.26361408829689026
,3979,,,,0.13989830017089844
,3980,,,,0.11580522358417511
,3981,,,,0.04475865885615349
,3982,,,,0.15219822525978088
,3983,,,,0.21957090497016907
,3984,,,,0.2614005208015442
,3985,,,,0.21759487688541412
,3986,,,,0.12929490208625793
,3987,,,,0.09312943369150162
,3988,,,,0.24725425243377686
,3989,,,,0.21039387583732605
,3990,,,,0.42019230127334595
,3991,,,,0.32081425189971924
,3992,,,,0.2191160023212433
,3993,,,,0.29741281270980835
,3994,,,,0.10427267849445343
,3995,,,,0.30311062932014465
,3996,,,,0.1291789561510086
,3997,,,,0.18159988522529602
,3998,,,,0.10298236459493637
,3999,,,,0.305747389793396
,4000,,,,0.43290281295776367
,4001,,,,0.20668675005435944
,4002,,,,0.8083639740943909
,4003,,,,0.3224143385887146
,4004,,,,0.12342216819524765
,4005,,,,0.29913392663002014
,4006,,,,0.16915813088417053
,4007,,,,0.1264452338218689
,4008,,,,0.26895201206207275
,4009,,,,0.08468953520059586
,4010,,,,0.10022977739572525
,4011,,,,0.1674162894487381
,4012,,,,0.10514433681964874
,4013,,,,0.33504629135131836
,4014,,,,0.21573951840400696
,4015,,,,0.2971018850803375
,4016,,,,0.15756137669086456
,4017,,,,0.21870280802249908
,4018,,,,0.17102786898612976
,4019,,,,0.21674847602844238
,4020,,,,0.2087402045726776
,4021,,,,0.15156425535678864
,4022,,,,0.15846532583236694
,4023,,,,0.28192591667175293
,4024,,,,0.2738268971443176
,4025,,,,0.7518290877342224
,4026,,,,0.18962445855140686
,4027,,,,0.29996341466903687
,4028,,,,0.5487134456634521
,4029,,,,0.34079843759536743
,4030,,,,0.19615638256072998
,4031,,,,0.3230869472026825
,4032,,,,0.17851458489894867
,4033,,,,0.15523257851600647
,4034,,,,0.1304556280374527
,4035,,,,0.23223844170570374
,4036,,,,0.13729311525821686
,4037,,,,0.13882693648338318
,4038,,,,0.1792970448732376
,4039,,,,0.10393443703651428
,4040,,,,0.15166634321212769
,4041,,,,0.08100298792123795
,4042,,,,0.07343022525310516
,4043,,,,0.16656312346458435
,4044,,,,0.26324158906936646
,4045,,,,0.23833432793617249
,4046,,,,0.14232876896858215
,4047,,,,0.5562518835067749
,4048,,,,0.18863961100578308
,4049,,,,0.5683505535125732
,4050,,,,0.3088298439979553
,4051,,,,0.20828409492969513
,4052,,,,0.19941346347332
,4053,,,,0.178494393825531
,4054,,,,0.21676012873649597
,4055,,,,0.2311229109764099
,4056,,,,0.11343419551849365
,4057,,,,0.2282422035932541
,4058,,,,0.2895128130912781
,4059,,,,0.1674642413854599
,4060,,,,0.13642719388008118
,4061,,,,0.314166784286499
,4062,,,,0.18963509798049927
,4063,,,,0.1608782559633255
,4064,,,,0.2788444757461548
,4065,,,,0.1498367190361023
,4066,,,,0.10939989984035492
,4067,,,,0.6610575914382935
,4068,,,,0.34007173776626587
,4069,,,,0.5269894599914551
,4070,,,,0.5277851819992065
,4071,,,,0.24824465811252594
,4072,,,,0.4549694359302521
,4073,,,,0.03950212895870209
,4074,,,,0.1942165344953537
,4075,,,,0.13613419234752655
,4076,,,,0.24011047184467316
,4077,,,,0.19941455125808716
,4078,,,,0.21251505613327026
,4079,,,,0.2675834894180298
,4080,,,,0.10690471529960632
,4081,,,,0.5077956914901733
,4082,,,,0.12154032289981842
,4083,,,,0.18083515763282776
,4084,,,,0.23237571120262146
,4085,,,,0.1008545383810997
,4086,,,,0.08910452574491501
,4087,,,,0.45612531900405884
,4088,,,,0.19492538273334503
,4089,,,,0.21036964654922485
,4090,,,,0.25649207830429077
,4091,,,,0.22285963594913483
,4092,,,,0.2368115782737732
,4093,,,,0.08018089830875397
,4094,,,,0.16947609186172485
,4095,,,,0.10669134557247162
,4096,,,,0.34689608216285706
,4097,,,,0.16306358575820923
,4098,,,,0.22435763478279114
,4099,,,,0.40648460388183594
,4100,,,,0.13131451606750488
,4101,,,,0.12685437500476837
,4102,,,,0.19347554445266724
,4103,,,,0.18534953892230988
,4104,,,,0.05252721533179283
,4105,,,,0.11216087639331818
,4106,,,,0.1512962281703949
,4107,,,,0.35907238721847534
,4108,,,,0.29159295558929443
,4109,,,,0.10172037035226822
,4110,,,,0.15831080079078674
,4111,,,,0.1946224868297577
,4112,,,,0.06501799821853638
,4113,,,,0.25913292169570923
,4114,,,,0.1701538860797882
,4115,,,,0.24437856674194336
,4116,,,,0.22749143838882446
,4117,,,,0.1911231130361557
,4118,,,,0.1415901482105255
,4119,,,,0.3543848991394043
,4120,,,,0.17013484239578247
,4121,,,,0.13757336139678955
,4122,,,,0.1399194896221161
,4123,,,,0.20399627089500427
,4124,,,,0.15112043917179108
,4125,,,,0.09074470400810242
,4126,,,,0.14252027869224548
,4127,,,,0.15785829722881317
,4128,,,,0.18694370985031128
,4129,,,,0.14017385244369507
,4130,,,,0.24364951252937317
,4131,,,,0.14760839939117432
,4132,,,,0.1197497695684433
,4133,,,,0.3138633966445923
,4134,,,,0.18902990221977234
,4135,,,,0.15899606049060822
,4136,,,,0.20801585912704468
,4137,,,,0.35691341757774353
,4138,,,,0.09958037734031677
,4139,,,,0.7741161584854126
,4140,,,,0.6246018409729004
,4141,,,,0.58229660987854
,4142,,,,0.236776202917099
,4143,,,,0.07605904340744019
,4144,,,,0.3773879408836365
,4145,,,,0.3166242837905884
,4146,,,,0.13916003704071045
,4147,,,,0.07822123169898987
,4148,,,,0.10925072431564331
,4149,,,,0.15240341424942017
,4150,,,,0.17628274857997894
,4151,,,,0.06763970851898193
,4152,,,,0.24285991489887238
,4153,,,,0.3919447064399719
,4154,,,,0.10552026331424713
,4155,,,,0.23931723833084106
,4156,,,,0.2255198061466217
,4157,,,,0.40674424171447754
,4158,,,,0.096040278673172
,4159,,,,0.46780258417129517
,4160,,,,0.47656238079071045
,4161,,,,0.11357167363166809
,4162,,,,0.2924732565879822
,4163,,,,0.4577217102050781
,4164,,,,0.5929346084594727
,4165,,,,0.5196939706802368
,4166,,,,0.21572737395763397
,4167,,,,0.27377328276634216
,4168,,,,0.17530253529548645
,4169,,,,0.07355567812919617
,4170,,,,0.04562506079673767
,4171,,,,0.10653091967105865
,4172,,,,0.2609923183917999
,4173,,,,0.42988699674606323
,4174,,,,0.1527813971042633
,4175,,,,0.16570112109184265
,4176,,,,0.26935654878616333
,4177,,,,0.38847947120666504
,4178,,,,0.5264139175415039
,4179,,,,0.3516468405723572
,4180,,,,0.40162473917007446
,4181,,,,0.13645583391189575
,4182,,,,0.05153585970401764
,4183,,,,0.06827282905578613
,4184,,,,0.24017047882080078
,4185,,,,0.08664199709892273
,4186,,,,0.3790479898452759
,4187,,,,0.10421957820653915
,4188,,,,0.1781344711780548
,4189,,,,0.1338619738817215
,4190,,,,0.3656151294708252
,4191,,,,0.487079918384552
,4192,,,,0.3071593940258026
,4193,,,,0.21462424099445343
,4194,,,,0.1341913938522339
,4195,,,,0.22694244980812073
,4196,,,,0.46431881189346313
,4197,,,,0.23106281459331512
,4198,,,,0.29023581743240356
,4199,,,,0.05678915977478027
,4200,,,,0.5206598043441772
,4201,,,,0.2870439887046814
,4202,,,,0.4560612440109253
,4203,,,,0.19502444565296173
,4204,,,,0.506434440612793
,4205,,,,0.5048243999481201
,4206,,,,0.11395923793315887
,4207,,,,0.2945401668548584
,4208,,,,0.13702581822872162
,4209,,,,0.6057510375976562
,4210,,,,0.25614428520202637
,4211,,,,0.30035367608070374
,4212,,,,0.16351374983787537
,4213,,,,0.08014969527721405
,4214,,,,0.242239847779274
,4215,,,,0.189775288105011
,4216,,,,0.14382991194725037
,4217,,,,0.15650752186775208
,4218,,,,0.5586826801300049
,4219,,,,0.1023227870464325
,4220,,,,0.14711284637451172
,4221,,,,0.10639266669750214
,4222,,,,0.3538764417171478
,4223,,,,0.32948216795921326
,4224,,,,0.11744064092636108
,4225,,,,0.18928712606430054
,4226,,,,0.15496425330638885
,4227,,,,0.10552221536636353
,4228,,,,0.14635026454925537
,4229,,,,0.4357687830924988
,4230,,,,0.2646258473396301
,4231,,,,0.23031070828437805
,4232,,,,0.0577097088098526
,4233,,,,0.20740053057670593
,4234,,,,0.2855043113231659
,4235,,,,0.2763150930404663
,4236,,,,0.1944492757320404
,4237,,,,0.15532635152339935
,4238,,,,0.09934362769126892
,4239,,,,0.14548934996128082
,4240,,,,0.08718501031398773
,4241,,,,0.2566295862197876
,4242,,,,0.20010337233543396
,4243,,,,0.1337771713733673
,4244,,,,0.23279327154159546
,4245,,,,0.28748610615730286
,4246,,,,0.15865901112556458
,4247,,,,0.6228842735290527
,4248,,,,0.4203542470932007
,4249,,,,0.33790528774261475
,4250,,,,0.15929630398750305
,4251,,,,0.4396192729473114
,4252,,,,0.21700038015842438
,4253,,,,0.18109875917434692
,4254,,,,0.4771338403224945
,4255,,,,0.0854128897190094
,4256,,,,0.170535609126091
,4257,,,,0.20097273588180542
,4258,,,,0.2217353731393814
,4259,,,,0.20187881588935852
,4260,,,,0.07778300344944
,4261,,,,0.07906922698020935
,4262,,,,0.25170522928237915
,4263,,,,0.23780512809753418
,4264,,,,0.21314476430416107
,4265,,,,0.3847551941871643
,4266,,,,0.18434827029705048
,4267,,,,0.33178552985191345
,4268,,,,0.43953102827072144
,4269,,,,0.24970901012420654
,4270,,,,0.2137887328863144
,4271,,,,0.08604539185762405
,4272,,,,0.11171501874923706
,4273,,,,0.20549070835113525
,4274,,,,0.12335716933012009
,4275,,,,0.40940192341804504
,4276,,,,0.2721060812473297
,4277,,,,0.1662282645702362
,4278,,,,0.14055655896663666
,4279,,,,0.48393484950065613
,4280,,,,0.09397636353969574
,4281,,,,0.6375294923782349
,4282,,,,0.2665407657623291
,4283,,,,0.6723859310150146
,4284,,,,0.3492482900619507
,4285,,,,0.2656663954257965
,4286,,,,0.4708256125450134
,4287,,,,0.2759978175163269
,4288,,,,0.6182861328125
,4289,,,,0.1961504966020584
,4290,,,,0.09496428817510605
,4291,,,,0.09710405021905899
,4292,,,,0.2773817777633667
,4293,,,,0.21052885055541992
,4294,,,,0.3178442120552063
,4295,,,,0.29804879426956177
,4296,,,,0.23664143681526184
,4297,,,,0.10939386487007141
,4298,,,,0.07235001027584076
,4299,,,,0.28437966108322144
,4300,,,,0.14591500163078308
,4301,,,,0.26539236307144165
,4302,,,,0.15225794911384583
,4303,,,,0.3395420014858246
,4304,,,,0.35699623823165894
,4305,,,,0.12957239151000977
,4306,,,,0.0953836441040039
,4307,,,,0.1572423130273819
,4308,,,,0.09731373935937881
,4309,,,,0.38572201132774353
,4310,,,,0.3070647418498993
,4311,,,,0.16416038572788239
,4312,,,,0.17253008484840393
,4313,,,,0.2916025221347809
,4314,,,,0.19575589895248413
,4315,,,,0.25956642627716064
,4316,,,,0.11416798084974289
,4317,,,,0.40238502621650696
,4318,,,,0.125588521361351
,4319,,,,0.33779919147491455
,4320,,,,0.17681728303432465
,4321,,,,0.26815086603164673
,4322,,,,0.46820592880249023
,4323,,,,0.09896877408027649
,4324,,,,0.4549526572227478
,4325,,,,0.049855925142765045
,4326,,,,0.40945738554000854
,4327,,,,0.216207355260849
,4328,,,,0.19333118200302124
,4329,,,,0.07462956011295319
,4330,,,,0.2212352752685547
,4331,,,,0.128862202167511
,4332,,,,0.20319226384162903
,4333,,,,0.4179547429084778
,4334,,,,0.162027969956398
,4335,,,,0.16384312510490417
,4336,,,,0.27193546295166016
,4337,,,,0.06082957237958908
,4338,,,,0.09538467228412628
,4339,,,,0.15851682424545288
,4340,,,,0.1944614052772522
,4341,,,,0.302960067987442
,4342,,,,0.15342286229133606
,4343,,,,0.23465421795845032
,4344,,,,0.1176840215921402
,4345,,,,0.0875907838344574
,4346,,,,0.25293904542922974
,4347,,,,0.08843948692083359
,4348,,,,0.22695764899253845
,4349,,,,0.1495826244354248
,4350,,,,0.17169812321662903
,4351,,,,0.0603414848446846
,4352,,,,0.09882804751396179
,4353,,,,0.32120823860168457
,4354,,,,0.2598903179168701
,4355,,,,0.12395121157169342
,4356,,,,0.21774768829345703
,4357,,,,0.168671652674675
,4358,,,,0.24199539422988892
,4359,,,,0.3064867854118347
,4360,,,,0.3419133424758911
,4361,,,,0.27317625284194946
,4362,,,,0.5747637152671814
,4363,,,,0.22607922554016113
,4364,,,,0.1796204298734665
,4365,,,,0.186172217130661
,4366,,,,0.15658563375473022
,4367,,,,0.09816126525402069
,4368,,,,0.3306434750556946
,4369,,,,0.4378262758255005
,4370,,,,0.10015092045068741
,4371,,,,0.10071925818920135
,4372,,,,0.06616468727588654
,4373,,,,0.3015948235988617
,4374,,,,0.25340014696121216
,4375,,,,0.07228267192840576
,4376,,,,0.10838048905134201
,4377,,,,0.14246812462806702
,4378,,,,0.036055222153663635
,4379,,,,0.05710984021425247
,4380,,,,0.09606529027223587
,4381,,,,0.06366309523582458
,4382,,,,0.08259332180023193
,4383,,,,0.13362061977386475
,4384,,,,0.11403447389602661
,4385,,,,0.09695279598236084
,4386,,,,0.10067278146743774
,4387,,,,0.16747313737869263
,4388,,,,0.0775802955031395
,4389,,,,0.2271907925605774
,4390,,,,0.057502761483192444
,4391,,,,0.09701992571353912
,4392,,,,0.12086097151041031
,4393,,,,0.23409628868103027
,4394,,,,0.22648358345031738
,4395,,,,0.25885623693466187
,4396,,,,0.4528261423110962
,4397,,,,0.17399606108665466
,4398,,,,0.19117525219917297
,4399,,,,0.2845534086227417
,4400,,,,0.28335145115852356
,4401,,,,0.11791407316923141
,4402,,,,0.24130460619926453
,4403,,,,0.2650500535964966
,4404,,,,0.20936322212219238
,4405,,,,0.28978589177131653
,4406,,,,0.10360326617956161
,4407,,,,0.16571679711341858
,4408,,,,0.1042410209774971
,4409,,,,0.06703715026378632
,4410,,,,0.05397670716047287
,4411,,,,0.10535921156406403
,4412,,,,0.15169492363929749
,4413,,,,0.10487817227840424
,4414,,,,0.1437055468559265
,4415,,,,0.080177903175354
,4416,,,,0.05381105840206146
,4417,,,,0.05046136677265167
,4418,,,,0.16301602125167847
,4419,,,,0.44410568475723267
,4420,,,,0.3787166476249695
,4421,,,,0.36297211050987244
,4422,,,,0.2204308807849884
,4423,,,,0.2128535360097885
,4424,,,,0.2810887098312378
,4425,,,,0.25525838136672974
,4426,,,,0.3993039131164551
,4427,,,,0.40247541666030884
,4428,,,,0.3101408779621124
,4429,,,,0.39872652292251587
,4430,,,,0.13561800122261047
,4431,,,,0.17550240457057953
,4432,,,,0.2342977225780487
,4433,,,,0.20158883929252625
,4434,,,,0.11220866441726685
,4435,,,,0.21774816513061523
,4436,,,,0.058294519782066345
,4437,,,,0.2170843780040741
,4438,,,,0.12775300443172455
,4439,,,,0.10293950140476227
,4440,,,,0.2961269021034241
,4441,,,,0.16945314407348633
,4442,,,,0.06591399013996124
,4443,,,,0.19864848256111145
,4444,,,,0.38061708211898804
,4445,,,,0.20711393654346466
,4446,,,,0.03738752752542496
,4447,,,,0.24959255754947662
,4448,,,,0.09619836509227753
,4449,,,,0.20736533403396606
,4450,,,,0.2134479582309723
,4451,,,,0.060835786163806915
,4452,,,,0.09653216600418091
,4453,,,,0.1022840142250061
,4454,,,,0.2147546410560608
,4455,,,,0.38805776834487915
,4456,,,,0.21181651949882507
,4457,,,,0.06391328573226929
,4458,,,,0.3768872022628784
,4459,,,,0.22374604642391205
,4460,,,,0.2066565454006195
,4461,,,,0.20335721969604492
,4462,,,,0.12107177078723907
,4463,,,,0.3030354976654053
,4464,,,,0.36431586742401123
,4465,,,,0.27891892194747925
,4466,,,,0.16205522418022156
,4467,,,,0.10108691453933716
,4468,,,,0.33230090141296387
,4469,,,,0.2373168170452118
,4470,,,,0.8406240344047546
,4471,,,,0.2684662938117981
,4472,,,,0.16140511631965637
,4473,,,,0.39554399251937866
,4474,,,,0.13680726289749146
,4475,,,,0.38963583111763
,4476,,,,0.35933369398117065
,4477,,,,0.2119026482105255
,4478,,,,0.11602460592985153
,4479,,,,0.4331212639808655
,4480,,,,0.14847153425216675
,4481,,,,0.32129156589508057
,4482,,,,0.23566213250160217
,4483,,,,0.16966883838176727
,4484,,,,0.2480701208114624
,4485,,,,0.2623557448387146
,4486,,,,0.28741520643234253
,4487,,,,0.3198832869529724
,4488,,,,0.24524717032909393
,4489,,,,0.2909039855003357
,4490,,,,0.12077067792415619
,4491,,,,0.3307390809059143
,4492,,,,0.21956753730773926
,4493,,,,0.7580154538154602
,4494,,,,0.4091007113456726
,4495,,,,0.17795522511005402
,4496,,,,0.24641528725624084
,4497,,,,0.6437525749206543
,4498,,,,0.6202375888824463
,4499,,,,0.19496461749076843
,4500,,,,0.6066924929618835
,4501,,,,0.3290692865848541
,4502,,,,0.22743861377239227
,4503,,,,0.277060866355896
,4504,,,,0.12815603613853455
,4505,,,,0.4325878620147705
,4506,,,,0.1804947555065155
,4507,,,,0.30779212713241577
,4508,,,,0.22560513019561768
,4509,,,,0.5026016235351562
,4510,,,,0.21856367588043213
,4511,,,,0.1794595569372177
,4512,,,,0.47090262174606323
,4513,,,,0.1567874550819397
,4514,,,,0.17177310585975647
,4515,,,,0.16081225872039795
,4516,,,,0.23022884130477905
,4517,,,,0.29257145524024963
,4518,,,,0.14391036331653595
,4519,,,,0.35482171177864075
,4520,,,,0.2831915020942688
,4521,,,,0.20144999027252197
,4522,,,,0.1351953148841858
,4523,,,,0.06891928613185883
,4524,,,,0.1781112104654312
,4525,,,,0.06479668617248535
,4526,,,,0.3325110077857971
,4527,,,,0.2487172782421112
,4528,,,,0.20028746128082275
,4529,,,,0.2065902054309845
,4530,,,,0.22834329307079315
,4531,,,,0.2844163179397583
,4532,,,,0.26103895902633667
,4533,,,,0.10467170178890228
,4534,,,,0.11425897479057312
,4535,,,,0.28534579277038574
,4536,,,,0.32767313718795776
,4537,,,,0.16293710470199585
,4538,,,,0.4337528347969055
,4539,,,,0.24077090620994568
,4540,,,,0.12916161119937897
,4541,,,,0.06133032962679863
,4542,,,,0.07386615872383118
,4543,,,,0.14330068230628967
,4544,,,,0.15396085381507874
,4545,,,,0.28418058156967163
,4546,,,,0.2810894250869751
,4547,,,,0.14864805340766907
,4548,,,,0.17250078916549683
,4549,,,,0.24841098487377167
,4550,,,,0.07884270697832108
,4551,,,,0.42411357164382935
,4552,,,,0.2994745373725891
,4553,,,,0.1564154326915741
,4554,,,,0.18959249556064606
,4555,,,,0.16488969326019287
,4556,,,,0.07226255536079407
,4557,,,,0.02219768613576889
,4558,,,,0.25482702255249023
,4559,,,,0.5422930121421814
,4560,,,,0.11748690158128738
,4561,,,,0.45441293716430664
,4562,,,,0.26724252104759216
,4563,,,,0.05207442864775658
6,82690,,,0.23103982210159302,
6,82690,0.23793824017047882,,,
7,82699,,0.25393497943878174,,
7,82749,,0.22293129563331604,,
7,82799,,0.21465295553207397,,
7,82849,,0.25093787908554077,,
7,82899,,0.26348650455474854,,
7,82949,,0.271910160779953,,
7,82999,,0.24150681495666504,,
7,83049,,0.244305819272995,,
7,83099,,0.23235362768173218,,
7,83149,,0.2729265093803406,,
7,83199,,0.22067129611968994,,
7,83249,,0.21367058157920837,,
7,83299,,0.24961470067501068,,
7,83349,,0.20906588435173035,,
7,83399,,0.18420778214931488,,
7,83449,,0.19703346490859985,,
7,83499,,0.2803686261177063,,
7,83549,,0.16725276410579681,,
7,83599,,0.24184836447238922,,
7,83649,,0.26000678539276123,,
7,83699,,0.23035749793052673,,
7,83749,,0.24767234921455383,,
7,83799,,0.2523554563522339,,
7,83849,,0.20218834280967712,,
7,83899,,0.20540675520896912,,
7,83949,,0.21668186783790588,,
7,83999,,0.22476941347122192,,
7,84049,,0.30056315660476685,,
7,84099,,0.28821662068367004,,
7,84149,,0.2815404236316681,,
7,84199,,0.2249142825603485,,
7,84249,,0.2845107316970825,,
7,84299,,0.2390533983707428,,
7,84349,,0.15632782876491547,,
7,84399,,0.2874424457550049,,
7,84449,,0.2342335432767868,,
7,84499,,0.2042279839515686,,
7,84549,,0.2161695957183838,,
7,84599,,0.20391690731048584,,
7,84649,,0.22355064749717712,,
7,84699,,0.17083589732646942,,
7,84749,,0.24542498588562012,,
7,84799,,0.2272385209798813,,
7,84849,,0.2755523920059204,,
7,84899,,0.18838296830654144,,
7,84949,,0.2509009540081024,,
7,84999,,0.20044058561325073,,
7,85049,,0.2977665066719055,,
7,85099,,0.22955048084259033,,
7,85149,,0.2260635793209076,,
7,85199,,0.27049899101257324,,
7,85249,,0.2702433168888092,,
7,85299,,0.20888926088809967,,
7,85349,,0.3188679814338684,,
7,85399,,0.20816026628017426,,
7,85449,,0.2249220907688141,,
7,85499,,0.2916527986526489,,
7,85549,,0.2241891771554947,,
7,85599,,0.3108885586261749,,
7,85649,,0.23446935415267944,,
7,85699,,0.31483685970306396,,
7,85749,,0.22210931777954102,,
7,85799,,0.23216025531291962,,
7,85849,,0.19652009010314941,,
7,85899,,0.2939237356185913,,
7,85949,,0.23860369622707367,,
7,85999,,0.2501342296600342,,
7,86049,,0.2344311624765396,,
7,86099,,0.2261495143175125,,
7,86149,,0.2569429874420166,,
7,86199,,0.23637163639068604,,
7,86249,,0.1938951015472412,,
7,86299,,0.17713870108127594,,
7,86349,,0.24160201847553253,,
7,86399,,0.2464594841003418,,
7,86449,,0.21620124578475952,,
7,86499,,0.2225569188594818,,
7,86549,,0.18195189535617828,,
7,86599,,0.21716587245464325,,
7,86649,,0.24815960228443146,,
7,86699,,0.28407901525497437,,
7,86749,,0.21812331676483154,,
7,86799,,0.2665615677833557,,
7,86849,,0.3255844712257385,,
7,86899,,0.2509043216705322,,
7,86949,,0.18392328917980194,,
7,86999,,0.21143290400505066,,
7,87049,,0.2621815800666809,,
7,87099,,0.24169906973838806,,
7,87149,,0.2839207947254181,,
7,87199,,0.19569697976112366,,
7,87249,,0.2484685778617859,,
7,87299,,0.20205414295196533,,
7,87349,,0.19660858809947968,,
7,87399,,0.26732105016708374,,
7,87449,,0.18726113438606262,,
7,87499,,0.31768280267715454,,
7,87549,,0.2186499685049057,,
7,87599,,0.24695312976837158,,
7,87649,,0.2630598843097687,,
7,87699,,0.1596415489912033,,
7,87749,,0.2710374593734741,,
7,87799,,0.18445056676864624,,
7,87849,,0.22638407349586487,,
7,87899,,0.2724173069000244,,
7,87949,,0.2490967959165573,,
7,87999,,0.24329237639904022,,
7,88049,,0.20329931378364563,,
7,88099,,0.1868036687374115,,
7,88149,,0.18492315709590912,,
7,88199,,0.24454163014888763,,
7,88249,,0.22604094445705414,,
7,88299,,0.23584654927253723,,
7,88349,,0.2542025148868561,,
7,88399,,0.18871532380580902,,
7,88449,,0.22347140312194824,,
7,88499,,0.26664483547210693,,
7,88549,,0.1697782576084137,,
7,88599,,0.21861785650253296,,
7,88649,,0.2295686900615692,,
7,88699,,0.2580851912498474,,
7,88749,,0.25054189562797546,,
7,88799,,0.17594219744205475,,
7,88849,,0.19131433963775635,,
7,88899,,0.25226500630378723,,
7,88949,,0.24780511856079102,,
7,88999,,0.3072321116924286,,
7,89049,,0.33234935998916626,,
7,89099,,0.21360336244106293,,
7,89149,,0.16443148255348206,,
7,89199,,0.1871921420097351,,
7,89249,,0.22803713381290436,,
7,89299,,0.2742704153060913,,
7,89349,,0.2370017021894455,,
7,89399,,0.25818949937820435,,
7,89449,,0.17635130882263184,,
7,89499,,0.24243637919425964,,
7,89549,,0.23701518774032593,,
7,89599,,0.16501402854919434,,
7,89649,,0.25879231095314026,,
7,89699,,0.23589840531349182,,
7,89749,,0.2186039537191391,,
7,89799,,0.2478051781654358,,
7,89849,,0.25836580991744995,,
7,89899,,0.17943134903907776,,
7,89949,,0.21653828024864197,,
7,89999,,0.17368730902671814,,
7,90049,,0.2892060875892639,,
7,90099,,0.22780683636665344,,
7,90149,,0.23850587010383606,,
7,90199,,0.23982052505016327,,
7,90249,,0.2962607145309448,,
7,90299,,0.1862073689699173,,
7,90349,,0.22222524881362915,,
7,90399,,0.25279077887535095,,
7,90449,,0.22926652431488037,,
7,90499,,0.1793385148048401,,
7,90549,,0.2373192012310028,,
7,90599,,0.22250789403915405,,
7,90649,,0.18439584970474243,,
7,90699,,0.2654850482940674,,
7,90749,,0.2404624968767166,,
7,90799,,0.2315281331539154,,
7,90849,,0.2456609457731247,,
7,90899,,0.23373830318450928,,
7,90949,,0.2639086842536926,,
7,90999,,0.3103373646736145,,
7,91049,,0.19774198532104492,,
7,91099,,0.22284886240959167,,
7,91149,,0.2721928358078003,,
7,91199,,0.21680714190006256,,
7,91249,,0.2017231285572052,,
7,91299,,0.3072410821914673,,
7,91349,,0.2589245140552521,,
7,91399,,0.2599329352378845,,
7,91449,,0.26671504974365234,,
7,91499,,0.22650755941867828,,
7,91549,,0.24658682942390442,,
7,91599,,0.21950624883174896,,
7,91649,,0.24104823172092438,,
7,91699,,0.2622504234313965,,
7,91749,,0.26778650283813477,,
7,91799,,0.28242993354797363,,
7,91849,,0.2823706269264221,,
7,91899,,0.28347060084342957,,
7,91949,,0.3008422255516052,,
7,91999,,0.23972980678081512,,
7,92049,,0.2629917562007904,,
7,92099,,0.30152982473373413,,
7,92149,,0.23684021830558777,,
7,92199,,0.21450954675674438,,
7,92249,,0.21380296349525452,,
7,92299,,0.21117429435253143,,
7,92349,,0.23702910542488098,,
7,92399,,0.22906044125556946,,
7,92449,,0.21283872425556183,,
7,92499,,0.1947711706161499,,
7,92549,,0.22653257846832275,,
7,92599,,0.24429745972156525,,
7,92649,,0.25226831436157227,,
7,92699,,0.2086634337902069,,
7,92749,,0.22113226354122162,,
7,92799,,0.19942784309387207,,
7,92849,,0.21579813957214355,,
7,92899,,0.2268604040145874,,
7,92949,,0.25055360794067383,,
7,92999,,0.26808756589889526,,
7,93049,,0.21308313310146332,,
7,93099,,0.2637796103954315,,
7,93149,,0.23351401090621948,,
7,93199,,0.2215195596218109,,
7,93249,,0.24789607524871826,,
7,93299,,0.24905523657798767,,
7,93349,,0.18895238637924194,,
7,93399,,0.2174052894115448,,
7,93449,,0.21367870271205902,,
7,93499,,0.23392347991466522,,
7,93549,,0.19892430305480957,,
7,93599,,0.23016390204429626,,
7,93649,,0.25781968235969543,,
7,93699,,0.2541343867778778,,
7,93749,,0.23249317705631256,,
7,93799,,0.2125392109155655,,
7,93849,,0.2268950492143631,,
7,93899,,0.2128361463546753,,
7,93949,,0.21103526651859283,,
7,93999,,0.24888837337493896,,
7,94049,,0.17248663306236267,,
7,94099,,0.19627226889133453,,
7,94149,,0.2717450261116028,,
7,94199,,0.2334757298231125,,
7,94249,,0.23886698484420776,,
7,94299,,0.2598259747028351,,
7,94349,,0.1868666261434555,,
7,94399,,0.34018611907958984,,
7,94449,,0.25626063346862793,,
7,94499,,0.2015986144542694,,
,4564,,,,0.427459180355072
,4565,,,,0.11181403696537018
,4566,,,,0.18560267984867096
,4567,,,,0.17488697171211243
,4568,,,,0.14331483840942383
,4569,,,,0.3251608610153198
,4570,,,,0.18647320568561554
,4571,,,,0.31061094999313354
,4572,,,,0.3835065960884094
,4573,,,,0.20388588309288025
,4574,,,,0.10354319214820862
,4575,,,,0.30013129115104675
,4576,,,,0.13544389605522156
,4577,,,,0.27470362186431885
,4578,,,,0.15555070340633392
,4579,,,,0.17684899270534515
,4580,,,,0.18986102938652039
,4581,,,,0.06872910261154175
,4582,,,,0.03894286975264549
,4583,,,,0.06198883056640625
,4584,,,,0.11011158674955368
,4585,,,,0.07170462608337402
,4586,,,,0.07525943964719772
,4587,,,,0.2330116331577301
,4588,,,,0.2834100127220154
,4589,,,,0.20130851864814758
,4590,,,,0.13552044332027435
,4591,,,,0.40665775537490845
,4592,,,,0.15572421252727509
,4593,,,,0.15557728707790375
,4594,,,,0.106249138712883
,4595,,,,0.30136483907699585
,4596,,,,0.21297821402549744
,4597,,,,0.16462504863739014
,4598,,,,0.17661070823669434
,4599,,,,0.12865036725997925
,4600,,,,0.08389338850975037
,4601,,,,0.08542338758707047
,4602,,,,0.41268670558929443
,4603,,,,0.4172411561012268
,4604,,,,0.3359956443309784
,4605,,,,0.3456765413284302
,4606,,,,0.46458321809768677
,4607,,,,0.7117993235588074
,4608,,,,0.3063408136367798
,4609,,,,0.416079044342041
,4610,,,,0.21042028069496155
,4611,,,,0.42637354135513306
,4612,,,,0.2458106428384781
,4613,,,,0.13499793410301208
,4614,,,,0.18739858269691467
,4615,,,,0.09192515909671783
,4616,,,,0.15324044227600098
,4617,,,,0.2799251079559326
,4618,,,,0.262325257062912
,4619,,,,0.16103234887123108
,4620,,,,0.13517096638679504
,4621,,,,0.14355920255184174
,4622,,,,0.20323911309242249
,4623,,,,0.13831323385238647
,4624,,,,0.20811226963996887
,4625,,,,0.09086789935827255
,4626,,,,0.11570440232753754
,4627,,,,0.26872679591178894
,4628,,,,0.3313124179840088
,4629,,,,0.46698299050331116
,4630,,,,0.26250481605529785
,4631,,,,0.24509981274604797
,4632,,,,0.08608423173427582
,4633,,,,0.037270717322826385
,4634,,,,0.193744957447052
,4635,,,,0.21873342990875244
,4636,,,,0.24048572778701782
,4637,,,,0.22458553314208984
,4638,,,,0.1417701542377472
,4639,,,,0.12042345106601715
,4640,,,,0.22728025913238525
,4641,,,,0.18025779724121094
,4642,,,,0.40034690499305725
,4643,,,,0.3036867380142212
,4644,,,,0.21604125201702118
,4645,,,,0.2472529262304306
,4646,,,,0.0933002233505249
,4647,,,,0.22750967741012573
,4648,,,,0.11926767230033875
,4649,,,,0.20255669951438904
,4650,,,,0.13743284344673157
,4651,,,,0.25959450006484985
,4652,,,,0.28593555092811584
,4653,,,,0.20930734276771545
,4654,,,,0.6525229215621948
,4655,,,,0.2867332696914673
,4656,,,,0.13257163763046265
,4657,,,,0.25735920667648315
,4658,,,,0.208468958735466
,4659,,,,0.1932094395160675
,4660,,,,0.24510599672794342
,4661,,,,0.11694895476102829
,4662,,,,0.11612938344478607
,4663,,,,0.12862570583820343
,4664,,,,0.09413515031337738
,4665,,,,0.40919578075408936
,4666,,,,0.20308247208595276
,4667,,,,0.299652636051178
,4668,,,,0.16951358318328857
,4669,,,,0.22637087106704712
,4670,,,,0.27099287509918213
,4671,,,,0.1919671595096588
,4672,,,,0.27264976501464844
,4673,,,,0.13525953888893127
,4674,,,,0.07012062519788742
,4675,,,,0.26768559217453003
,4676,,,,0.2530164122581482
,4677,,,,0.6451903581619263
,4678,,,,0.12472370266914368
,4679,,,,0.3178313374519348
,4680,,,,0.5452513694763184
,4681,,,,0.35152482986450195
,4682,,,,0.20285342633724213
,4683,,,,0.48578500747680664
,4684,,,,0.2632227838039398
,4685,,,,0.2506529688835144
,4686,,,,0.25511330366134644
,4687,,,,0.2154434472322464
,4688,,,,0.27872467041015625
,4689,,,,0.18107029795646667
,4690,,,,0.3081323802471161
,4691,,,,0.1611284464597702
,4692,,,,0.2771819233894348
,4693,,,,0.09114149212837219
,4694,,,,0.1755877435207367
,4695,,,,0.2742663025856018
,4696,,,,0.34384024143218994
,4697,,,,0.2525148093700409
,4698,,,,0.198842853307724
,4699,,,,0.6693292856216431
,4700,,,,0.1870250701904297
,4701,,,,0.47912096977233887
,4702,,,,0.2879444360733032
,4703,,,,0.21233293414115906
,4704,,,,0.16807369887828827
,4705,,,,0.23293381929397583
,4706,,,,0.2886832654476166
,4707,,,,0.2614719271659851
,4708,,,,0.17530557513237
,4709,,,,0.2664475739002228
,4710,,,,0.4361332058906555
,4711,,,,0.18870382010936737
,4712,,,,0.1902909278869629
,4713,,,,0.4386986494064331
,4714,,,,0.2263142615556717
,4715,,,,0.28329306840896606
,4716,,,,0.34037530422210693
,4717,,,,0.23246902227401733
,4718,,,,0.08365314453840256
,4719,,,,0.813483715057373
,4720,,,,0.3560362458229065
,4721,,,,0.4011549949645996
,4722,,,,0.38826608657836914
,4723,,,,0.21555373072624207
,4724,,,,0.3702775239944458
,4725,,,,0.04812223091721535
,4726,,,,0.15747438371181488
,4727,,,,0.12418756633996964
,4728,,,,0.25829488039016724
,4729,,,,0.19798870384693146
,4730,,,,0.18344572186470032
,4731,,,,0.18766242265701294
,4732,,,,0.13549983501434326
,4733,,,,0.5528690814971924
,4734,,,,0.14403605461120605
,4735,,,,0.2882204055786133
,4736,,,,0.26876458525657654
,4737,,,,0.1395636796951294
,4738,,,,0.06873798370361328
,4739,,,,0.4610431492328644
,4740,,,,0.1976526379585266
,4741,,,,0.18020589649677277
,4742,,,,0.20320360362529755
,4743,,,,0.1919640451669693
,4744,,,,0.24454031884670258
,4745,,,,0.09309238940477371
,4746,,,,0.1443176567554474
,4747,,,,0.09213033318519592
,4748,,,,0.37684130668640137
,4749,,,,0.17095579206943512
,4750,,,,0.23423077166080475
,4751,,,,0.45424893498420715
,4752,,,,0.13544771075248718
,4753,,,,0.14762915670871735
,4754,,,,0.17800521850585938
,4755,,,,0.24955517053604126
,4756,,,,0.06695988774299622
,4757,,,,0.05546867847442627
,4758,,,,0.0809524804353714
,4759,,,,0.28000885248184204
,4760,,,,0.2225850224494934
,4761,,,,0.10657589137554169
,4762,,,,0.22841104865074158
,4763,,,,0.1934116631746292
,4764,,,,0.10395970195531845
,4765,,,,0.3373103737831116
,4766,,,,0.21613502502441406
,4767,,,,0.1491325944662094
,4768,,,,0.2872704267501831
,4769,,,,0.21575507521629333
,4770,,,,0.1157333254814148
,4771,,,,0.42098522186279297
,4772,,,,0.18472415208816528
,4773,,,,0.16546741127967834
,4774,,,,0.15551118552684784
,4775,,,,0.22333621978759766
,4776,,,,0.16575825214385986
,4777,,,,0.07605093717575073
,4778,,,,0.17945536971092224
,4779,,,,0.16551841795444489
,4780,,,,0.17709144949913025
,4781,,,,0.1401243805885315
,4782,,,,0.16498099267482758
,4783,,,,0.1519671380519867
,4784,,,,0.12276506423950195
,4785,,,,0.34284210205078125
,4786,,,,0.17747989296913147
,4787,,,,0.2762676179409027
,4788,,,,0.26004886627197266
,4789,,,,0.438055157661438
,4790,,,,0.13242223858833313
,4791,,,,0.8509829044342041
,4792,,,,0.6099366545677185
,4793,,,,0.59701007604599
,4794,,,,0.2699459195137024
,4795,,,,0.12197721004486084
,4796,,,,0.3850290775299072
,4797,,,,0.28821492195129395
,4798,,,,0.12938542664051056
,4799,,,,0.08426570892333984
,4800,,,,0.1308596134185791
,4801,,,,0.14002619683742523
,4802,,,,0.18455398082733154
,4803,,,,0.10242988169193268
,4804,,,,0.29825979471206665
,4805,,,,0.48117655515670776
,4806,,,,0.0630989670753479
,4807,,,,0.34376755356788635
,4808,,,,0.26893383264541626
,4809,,,,0.49971017241477966
,4810,,,,0.14737540483474731
,4811,,,,0.4315643310546875
,4812,,,,0.40043899416923523
,4813,,,,0.11168023198843002
,4814,,,,0.3065831959247589
,4815,,,,0.4799073040485382
,4816,,,,0.649969220161438
,4817,,,,0.5156465768814087
,4818,,,,0.2844856381416321
,4819,,,,0.16492143273353577
,4820,,,,0.11296812444925308
,4821,,,,0.1281064748764038
,4822,,,,0.06703948974609375
,4823,,,,0.13675278425216675
,4824,,,,0.27343565225601196
,4825,,,,0.5363357067108154
,4826,,,,0.12110550701618195
,4827,,,,0.2929190397262573
,4828,,,,0.33182600140571594
,4829,,,,0.4471282362937927
,4830,,,,0.5901720523834229
,4831,,,,0.4542087912559509
,4832,,,,0.4740038514137268
,4833,,,,0.17846210300922394
,4834,,,,0.07247613370418549
,4835,,,,0.06298656761646271
,4836,,,,0.18508686125278473
,4837,,,,0.06969472765922546
,4838,,,,0.3306397795677185
,4839,,,,0.13243326544761658
,4840,,,,0.18921467661857605
,4841,,,,0.1366918683052063
,4842,,,,0.36380696296691895
,4843,,,,0.5527464151382446
,4844,,,,0.31619465351104736
,4845,,,,0.14789795875549316
,4846,,,,0.20398293435573578
,4847,,,,0.26032644510269165
,4848,,,,0.4659143090248108
,4849,,,,0.22820132970809937
,4850,,,,0.3411334156990051
,4851,,,,0.06996692717075348
,4852,,,,0.5787271857261658
,4853,,,,0.29496708512306213
,4854,,,,0.3909274935722351
,4855,,,,0.17145732045173645
,4856,,,,0.5181873440742493
,4857,,,,0.5050485134124756
,4858,,,,0.12282565236091614
,4859,,,,0.25975966453552246
,4860,,,,0.159542977809906
,4861,,,,0.6377445459365845
,4862,,,,0.25993984937667847
,4863,,,,0.3134545087814331
,4864,,,,0.19782623648643494
,4865,,,,0.078589528799057
,4866,,,,0.2515193521976471
,4867,,,,0.18059229850769043
,4868,,,,0.15875129401683807
,4869,,,,0.1604238748550415
,4870,,,,0.591161847114563
,4871,,,,0.09160120785236359
,4872,,,,0.19927245378494263
,4873,,,,0.06356474757194519
,4874,,,,0.40997493267059326
,4875,,,,0.3785468339920044
,4876,,,,0.1293928176164627
,4877,,,,0.19700056314468384
,4878,,,,0.11848469823598862
,4879,,,,0.12876804172992706
,4880,,,,0.14529815316200256
,4881,,,,0.3989620506763458
,4882,,,,0.25580665469169617
,4883,,,,0.27939504384994507
,4884,,,,0.06710784137248993
,4885,,,,0.2660561203956604
,4886,,,,0.311575710773468
,4887,,,,0.2698715329170227
,4888,,,,0.16748470067977905
,4889,,,,0.1518823504447937
,4890,,,,0.08373357355594635
,4891,,,,0.1397019624710083
,4892,,,,0.13831433653831482
,4893,,,,0.2927559018135071
,4894,,,,0.16708889603614807
,4895,,,,0.15416374802589417
,4896,,,,0.22054634988307953
,4897,,,,0.20012123882770538
,4898,,,,0.13937900960445404
,4899,,,,0.5703801512718201
,4900,,,,0.41959717869758606
,4901,,,,0.33860862255096436
,4902,,,,0.15236353874206543
,4903,,,,0.38918086886405945
,4904,,,,0.2986453175544739
,4905,,,,0.22573362290859222
,4906,,,,0.5390121936798096
,4907,,,,0.12286604940891266
,4908,,,,0.12640121579170227
,4909,,,,0.1546541452407837
,4910,,,,0.1679830551147461
,4911,,,,0.18798327445983887
,4912,,,,0.08643682301044464
,4913,,,,0.045026253908872604
,4914,,,,0.2450304627418518
,4915,,,,0.14671888947486877
,4916,,,,0.20865261554718018
,4917,,,,0.4814601540565491
,4918,,,,0.20059967041015625
,4919,,,,0.4495905041694641
,4920,,,,0.5712524652481079
,4921,,,,0.3629031777381897
,4922,,,,0.32914218306541443
,4923,,,,0.06605261564254761
,4924,,,,0.12571287155151367
,4925,,,,0.18569014966487885
,4926,,,,0.13617166876792908
,4927,,,,0.4288678765296936
,4928,,,,0.333037793636322
,4929,,,,0.23643095791339874
,4930,,,,0.16167224943637848
,4931,,,,0.5168914794921875
,4932,,,,0.10397322475910187
,4933,,,,0.6515066027641296
,4934,,,,0.24862736463546753
,4935,,,,0.699488639831543
,4936,,,,0.3695217967033386
,4937,,,,0.28306204080581665
,4938,,,,0.5081062316894531
,4939,,,,0.31138744950294495
,4940,,,,0.614600419998169
,4941,,,,0.21923702955245972
,4942,,,,0.07408664375543594
,4943,,,,0.0787598118185997
,4944,,,,0.3032147288322449
,4945,,,,0.22533711791038513
,4946,,,,0.34054988622665405
,4947,,,,0.34250524640083313
,4948,,,,0.16918820142745972
,4949,,,,0.20673422515392303
,4950,,,,0.08158288896083832
,4951,,,,0.39831146597862244
,4952,,,,0.15348275005817413
,4953,,,,0.35354018211364746
,4954,,,,0.1807810366153717
,4955,,,,0.29437506198883057
,4956,,,,0.29120904207229614
,4957,,,,0.11473172158002853
,4958,,,,0.12867951393127441
,4959,,,,0.17115923762321472
,4960,,,,0.1033526360988617
,4961,,,,0.3675726056098938
,4962,,,,0.3459332287311554
,4963,,,,0.1818101555109024
,4964,,,,0.26698726415634155
,4965,,,,0.3760415017604828
,4966,,,,0.25103646516799927
,4967,,,,0.3505730628967285
,4968,,,,0.1067689061164856
,4969,,,,0.46102550625801086
,4970,,,,0.13390028476715088
,4971,,,,0.42521247267723083
,4972,,,,0.19437116384506226
,4973,,,,0.32675039768218994
,4974,,,,0.49947309494018555
,4975,,,,0.11809665709733963
,4976,,,,0.5129461288452148
,4977,,,,0.057855065912008286
,4978,,,,0.4729866683483124
,4979,,,,0.22994771599769592
,4980,,,,0.25925496220588684
,4981,,,,0.12924796342849731
,4982,,,,0.16555187106132507
,4983,,,,0.08065743744373322
,4984,,,,0.17695361375808716
,4985,,,,0.3817276060581207
,4986,,,,0.20164436101913452
,4987,,,,0.17544212937355042
,4988,,,,0.2997838854789734
,4989,,,,0.08069583773612976
,4990,,,,0.07932895421981812
,4991,,,,0.14884528517723083
,4992,,,,0.19580379128456116
,4993,,,,0.3171572983264923
,4994,,,,0.2007804661989212
,4995,,,,0.2392367422580719
,4996,,,,0.18712469935417175
,4997,,,,0.09728758037090302
,4998,,,,0.3583436608314514
,4999,,,,0.10116302967071533
,5000,,,,0.14406171441078186
,5001,,,,0.09748917818069458
,5002,,,,0.1803216189146042
,5003,,,,0.14511914551258087
,5004,,,,0.09298524260520935
,5005,,,,0.2090800404548645
,5006,,,,0.25553783774375916
,5007,,,,0.1837007999420166
,5008,,,,0.17867225408554077
,5009,,,,0.15121285617351532
,5010,,,,0.1976679563522339
,5011,,,,0.3331463634967804
,5012,,,,0.41298535466194153
,5013,,,,0.27766621112823486
,5014,,,,0.4325430989265442
,5015,,,,0.20520909130573273
,5016,,,,0.18250390887260437
,5017,,,,0.18495886027812958
,5018,,,,0.15454095602035522
,5019,,,,0.10563959181308746
,5020,,,,0.31670093536376953
,5021,,,,0.38939738273620605
,5022,,,,0.10326316952705383
,5023,,,,0.09497178345918655
,5024,,,,0.07891525328159332
,5025,,,,0.36024338006973267
,5026,,,,0.25019699335098267
,5027,,,,0.07216759771108627
,5028,,,,0.08940339833498001
,5029,,,,0.09980419278144836
,5030,,,,0.025717971846461296
,5031,,,,0.058773014694452286
,5032,,,,0.09888613969087601
,5033,,,,0.06468679010868073
,5034,,,,0.08266565203666687
,5035,,,,0.13725408911705017
,5036,,,,0.11179044842720032
,5037,,,,0.0836142897605896
,5038,,,,0.10366987437009811
,5039,,,,0.1601635217666626
,5040,,,,0.0707622766494751
,5041,,,,0.21798186004161835
,5042,,,,0.06398637592792511
,5043,,,,0.09632635116577148
,5044,,,,0.10512382537126541
,5045,,,,0.24194902181625366
,5046,,,,0.23829251527786255
,5047,,,,0.2673689126968384
,5048,,,,0.5315178036689758
,5049,,,,0.1855793297290802
,5050,,,,0.2448393702507019
,5051,,,,0.2617528438568115
,5052,,,,0.18232369422912598
,5053,,,,0.09807121753692627
,5054,,,,0.21086284518241882
,5055,,,,0.2509830594062805
,5056,,,,0.19439245760440826
,5057,,,,0.24868567287921906
,5058,,,,0.10350396484136581
,5059,,,,0.16152477264404297
,5060,,,,0.09430857747793198
,5061,,,,0.06340955197811127
,5062,,,,0.03992021456360817
,5063,,,,0.0994684174656868
,5064,,,,0.11867192387580872
,5065,,,,0.08820538222789764
,5066,,,,0.13666117191314697
,5067,,,,0.08000773191452026
,5068,,,,0.05004977434873581
,5069,,,,0.04338710010051727
,5070,,,,0.17009280622005463
,5071,,,,0.4884288012981415
,5072,,,,0.36768072843551636
,5073,,,,0.36526399850845337
,5074,,,,0.2356003224849701
,5075,,,,0.20115725696086884
,5076,,,,0.25627174973487854
,5077,,,,0.2808188498020172
,5078,,,,0.38153403997421265
,5079,,,,0.42822548747062683
,5080,,,,0.3084181547164917
,5081,,,,0.3289596438407898
,5082,,,,0.10314851254224777
,5083,,,,0.1401759833097458
,5084,,,,0.22746214270591736
,5085,,,,0.19368384778499603
,5086,,,,0.13631200790405273
,5087,,,,0.23834484815597534
,5088,,,,0.03777497261762619
,5089,,,,0.19028016924858093
,5090,,,,0.10395766794681549
,5091,,,,0.09246108680963516
,5092,,,,0.29590123891830444
,5093,,,,0.14142629504203796
,5094,,,,0.07680492848157883
,5095,,,,0.18130670487880707
,5096,,,,0.34712541103363037
,5097,,,,0.24484503269195557
,5098,,,,0.0471089668571949
,5099,,,,0.21605245769023895
,5100,,,,0.101751908659935
,5101,,,,0.21010881662368774
,5102,,,,0.17816847562789917
,5103,,,,0.03462129086256027
,5104,,,,0.08692185580730438
,5105,,,,0.08516093343496323
,5106,,,,0.2473244071006775
,5107,,,,0.31758251786231995
,5108,,,,0.21992290019989014
,5109,,,,0.07555191963911057
,5110,,,,0.3869897127151489
,5111,,,,0.21652208268642426
,5112,,,,0.2408096343278885
,5113,,,,0.26652398705482483
,5114,,,,0.16687649488449097
,5115,,,,0.3837674856185913
,5116,,,,0.3941209018230438
,5117,,,,0.2910509705543518
,5118,,,,0.14572018384933472
,5119,,,,0.09330318868160248
,5120,,,,0.3267916738986969
,5121,,,,0.22562307119369507
,5122,,,,0.8554445505142212
,5123,,,,0.2753832936286926
,5124,,,,0.19234222173690796
,5125,,,,0.43222707509994507
,5126,,,,0.10584540665149689
,5127,,,,0.3313913345336914
,5128,,,,0.34931978583335876
,5129,,,,0.2353312075138092
,5130,,,,0.11430674046278
,5131,,,,0.4145183563232422
,5132,,,,0.12962771952152252
,5133,,,,0.3291819095611572
,5134,,,,0.2134094089269638
,5135,,,,0.14067167043685913
,5136,,,,0.21251818537712097
,5137,,,,0.27828872203826904
,5138,,,,0.27426496148109436
,5139,,,,0.2770302891731262
,5140,,,,0.19312068819999695
,5141,,,,0.22470897436141968
,5142,,,,0.10388216376304626
,5143,,,,0.2846071124076843
,5144,,,,0.2078857421875
,5145,,,,0.8058580160140991
,5146,,,,0.4100496768951416
,5147,,,,0.1775512546300888
,5148,,,,0.26906728744506836
,5149,,,,0.5316765904426575
,5150,,,,0.5412275791168213
,5151,,,,0.1759575456380844
,5152,,,,0.5693234801292419
,5153,,,,0.2904086410999298
,5154,,,,0.17807769775390625
,5155,,,,0.2386966347694397
,5156,,,,0.13095217943191528
,5157,,,,0.36600202322006226
,5158,,,,0.11481180042028427
,5159,,,,0.20411866903305054
,5160,,,,0.22901752591133118
,5161,,,,0.5712188482284546
,5162,,,,0.2708842158317566
,5163,,,,0.24906568229198456
,5164,,,,0.5459384918212891
,5165,,,,0.14359135925769806
,5166,,,,0.1479666531085968
,5167,,,,0.208407461643219
,5168,,,,0.25114062428474426
,5169,,,,0.22783304750919342
,5170,,,,0.16284829378128052
,5171,,,,0.3501059412956238
,5172,,,,0.26325541734695435
,5173,,,,0.18339258432388306
,5174,,,,0.14149203896522522
,5175,,,,0.07387952506542206
,5176,,,,0.15821078419685364
,5177,,,,0.06206498295068741
,5178,,,,0.3246455788612366
,5179,,,,0.23458585143089294
,5180,,,,0.2031528800725937
,5181,,,,0.17851193249225616
,5182,,,,0.20783370733261108
,5183,,,,0.34506458044052124
,5184,,,,0.29206007719039917
,5185,,,,0.08779965341091156
,5186,,,,0.16117122769355774
,5187,,,,0.2594740688800812
,5188,,,,0.2953968346118927
,5189,,,,0.15821456909179688
,5190,,,,0.4031868278980255
,5191,,,,0.21460756659507751
,5192,,,,0.1587645560503006
,5193,,,,0.07713741064071655
,5194,,,,0.065487340092659
,5195,,,,0.18995006382465363
,5196,,,,0.1360548436641693
,5197,,,,0.2964467704296112
,5198,,,,0.29614880681037903
,5199,,,,0.16103136539459229
,5200,,,,0.20473547279834747
,5201,,,,0.27276724576950073
,5202,,,,0.08670610189437866
,5203,,,,0.4008231461048126
,5204,,,,0.2857789993286133
,5205,,,,0.16082535684108734
,5206,,,,0.20839804410934448
,5207,,,,0.12349079549312592
,5208,,,,0.04011402279138565
,5209,,,,0.03657166287302971
,5210,,,,0.24329999089241028
,5211,,,,0.5008829236030579
,5212,,,,0.12386589497327805
,5213,,,,0.4132654666900635
,5214,,,,0.29088443517684937
,5215,,,,0.07839121669530869
7,94503,,,0.2377900332212448,
7,94503,0.23529522120952606,,,
8,94549,,0.24054628610610962,,
8,94599,,0.21337392926216125,,
8,94649,,0.3272659182548523,,
8,94699,,0.24154894053936005,,
8,94749,,0.26467305421829224,,
8,94799,,0.21555793285369873,,
8,94849,,0.2360440492630005,,
8,94899,,0.26284945011138916,,
8,94949,,0.26611563563346863,,
8,94999,,0.18145889043807983,,
8,95049,,0.17284446954727173,,
8,95099,,0.22050750255584717,,
8,95149,,0.22924235463142395,,
8,95199,,0.17955893278121948,,
8,95249,,0.31492647528648376,,
8,95299,,0.24293263256549835,,
8,95349,,0.262983500957489,,
8,95399,,0.23085816204547882,,
8,95449,,0.19256144762039185,,
8,95499,,0.2619079649448395,,
8,95549,,0.24914522469043732,,
8,95599,,0.2787589430809021,,
8,95649,,0.21850579977035522,,
8,95699,,0.19743505120277405,,
8,95749,,0.21076960861682892,,
8,95799,,0.27621990442276,,
8,95849,,0.2099861204624176,,
8,95899,,0.18226677179336548,,
8,95949,,0.2661474347114563,,
8,95999,,0.19997382164001465,,
8,96049,,0.28671443462371826,,
8,96099,,0.25666582584381104,,
8,96149,,0.23440417647361755,,
8,96199,,0.24563218653202057,,
8,96249,,0.218458354473114,,
8,96299,,0.23384174704551697,,
8,96349,,0.27454859018325806,,
8,96399,,0.24148136377334595,,
8,96449,,0.24738310277462006,,
8,96499,,0.2770717740058899,,
8,96549,,0.27352285385131836,,
8,96599,,0.19854795932769775,,
8,96649,,0.26313841342926025,,
8,96699,,0.2775649130344391,,
8,96749,,0.2292880117893219,,
8,96799,,0.2578617036342621,,
8,96849,,0.2427821010351181,,
8,96899,,0.26699593663215637,,
8,96949,,0.20447707176208496,,
8,96999,,0.18223929405212402,,
8,97049,,0.22214612364768982,,
8,97099,,0.26821422576904297,,
8,97149,,0.20460617542266846,,
8,97199,,0.27588340640068054,,
8,97249,,0.19530199468135834,,
8,97299,,0.3050714135169983,,
8,97349,,0.2162259817123413,,
8,97399,,0.2298877239227295,,
8,97449,,0.2520245909690857,,
8,97499,,0.23029783368110657,,
8,97549,,0.24534842371940613,,
8,97599,,0.23488476872444153,,
8,97649,,0.32478076219558716,,
8,97699,,0.24506999552249908,,
8,97749,,0.24442176520824432,,
8,97799,,0.25141769647598267,,
8,97849,,0.19342529773712158,,
8,97899,,0.2450239211320877,,
8,97949,,0.22431187331676483,,
8,97999,,0.24456888437271118,,
8,98049,,0.2595626711845398,,
8,98099,,0.30094778537750244,,
8,98149,,0.24742399156093597,,
8,98199,,0.23118725419044495,,
8,98249,,0.25665372610092163,,
8,98299,,0.20385201275348663,,
8,98349,,0.2873111367225647,,
8,98399,,0.2581665515899658,,
8,98449,,0.18341100215911865,,
8,98499,,0.19613075256347656,,
8,98549,,0.2708702087402344,,
8,98599,,0.183912992477417,,
8,98649,,0.2453693151473999,,
8,98699,,0.23143205046653748,,
8,98749,,0.24188168346881866,,
8,98799,,0.2295721471309662,,
8,98849,,0.2133030742406845,,
8,98899,,0.28148549795150757,,
8,98949,,0.28298699855804443,,
8,98999,,0.3037400543689728,,
8,99049,,0.24571800231933594,,
8,99099,,0.2111203968524933,,
8,99149,,0.2557332515716553,,
8,99199,,0.1748158186674118,,
8,99249,,0.18642330169677734,,
8,99299,,0.26032668352127075,,
8,99349,,0.21419000625610352,,
8,99399,,0.1555584967136383,,
8,99449,,0.3191799223423004,,
8,99499,,0.1960691213607788,,
8,99549,,0.30110758543014526,,
8,99599,,0.20019713044166565,,
8,99649,,0.1728856861591339,,
8,99699,,0.19850216805934906,,
8,99749,,0.21731504797935486,,
8,99799,,0.2758222222328186,,
8,99849,,0.26625022292137146,,
8,99899,,0.21681413054466248,,
8,99949,,0.2170976996421814,,
8,99999,,0.23691082000732422,,
8,100049,,0.2208106517791748,,
8,100099,,0.2292112410068512,,
8,100149,,0.19644775986671448,,
8,100199,,0.27522921562194824,,
8,100249,,0.3220401704311371,,
8,100299,,0.22546276450157166,,
8,100349,,0.26064062118530273,,
8,100399,,0.21117746829986572,,
8,100449,,0.16425594687461853,,
8,100499,,0.24811150133609772,,
8,100549,,0.2808143198490143,,
8,100599,,0.26128825545310974,,
8,100649,,0.21614667773246765,,
8,100699,,0.2565774917602539,,
8,100749,,0.2456904500722885,,
8,100799,,0.26237475872039795,,
8,100849,,0.18198296427726746,,
8,100899,,0.22356270253658295,,
8,100949,,0.15880948305130005,,
8,100999,,0.22398525476455688,,
8,101049,,0.22529691457748413,,
8,101099,,0.21965405344963074,,
8,101149,,0.2593744993209839,,
8,101199,,0.1979733556509018,,
8,101249,,0.2381780743598938,,
8,101299,,0.23469772934913635,,
8,101349,,0.26821982860565186,,
8,101399,,0.27579909563064575,,
8,101449,,0.17529161274433136,,
8,101499,,0.31857338547706604,,
8,101549,,0.23429939150810242,,
8,101599,,0.2639502286911011,,
8,101649,,0.1967659890651703,,
8,101699,,0.18241234123706818,,
8,101749,,0.24959081411361694,,
8,101799,,0.2561727464199066,,
8,101849,,0.2405834197998047,,
8,101899,,0.2580861449241638,,
8,101949,,0.2323152720928192,,
8,101999,,0.22957101464271545,,
8,102049,,0.2405044138431549,,
8,102099,,0.24645191431045532,,
8,102149,,0.25014743208885193,,
8,102199,,0.1621883511543274,,
8,102249,,0.21697494387626648,,
8,102299,,0.22127197682857513,,
8,102349,,0.27830833196640015,,
8,102399,,0.20059019327163696,,
8,102449,,0.20375710725784302,,
8,102499,,0.24782967567443848,,
8,102549,,0.19680911302566528,,
8,102599,,0.2272150069475174,,
8,102649,,0.27405649423599243,,
8,102699,,0.22785840928554535,,
8,102749,,0.3323019742965698,,
8,102799,,0.24924597144126892,,
8,102849,,0.219581738114357,,
8,102899,,0.20633718371391296,,
8,102949,,0.24974456429481506,,
8,102999,,0.16149938106536865,,
8,103049,,0.2255779355764389,,
8,103099,,0.1988981068134308,,
8,103149,,0.16454505920410156,,
8,103199,,0.27148202061653137,,
8,103249,,0.2379901111125946,,
8,103299,,0.24951417744159698,,
8,103349,,0.25289857387542725,,
8,103399,,0.20189344882965088,,
8,103449,,0.22557130455970764,,
8,103499,,0.23401284217834473,,
8,103549,,0.22643905878067017,,
8,103599,,0.28063255548477173,,
8,103649,,0.30511391162872314,,
8,103699,,0.20677398145198822,,
8,103749,,0.20115961134433746,,
8,103799,,0.1898595094680786,,
8,103849,,0.18710966408252716,,
8,103899,,0.24310243129730225,,
8,103949,,0.2531834542751312,,
8,103999,,0.22145934402942657,,
8,104049,,0.19552241265773773,,
8,104099,,0.2100420743227005,,
8,104149,,0.2055538445711136,,
8,104199,,0.20677322149276733,,
8,104249,,0.19633552432060242,,
8,104299,,0.19163969159126282,,
8,104349,,0.22757697105407715,,
8,104399,,0.248646542429924,,
8,104449,,0.27286335825920105,,
8,104499,,0.1913212388753891,,
8,104549,,0.30945301055908203,,
8,104599,,0.21456973254680634,,
8,104649,,0.2284243106842041,,
8,104699,,0.18391603231430054,,
8,104749,,0.23108971118927002,,
8,104799,,0.21036221086978912,,
8,104849,,0.20073096454143524,,
8,104899,,0.16747191548347473,,
8,104949,,0.23259657621383667,,
8,104999,,0.3247281014919281,,
8,105049,,0.1972847580909729,,
8,105099,,0.2818029522895813,,
8,105149,,0.23265977203845978,,
8,105199,,0.1753401756286621,,
8,105249,,0.24506686627864838,,
8,105299,,0.20483450591564178,,
8,105349,,0.2188822627067566,,
8,105399,,0.26192888617515564,,
8,105449,,0.1827443242073059,,
8,105499,,0.2504650056362152,,
8,105549,,0.18572759628295898,,
8,105599,,0.25012171268463135,,
8,105649,,0.20523272454738617,,
8,105699,,0.2373896688222885,,
8,105749,,0.28067803382873535,,
8,105799,,0.1615002453327179,,
8,105849,,0.3351326882839203,,
8,105899,,0.16205036640167236,,
8,105949,,0.2429531216621399,,
8,105999,,0.21362674236297607,,
8,106049,,0.2706249952316284,,
8,106099,,0.30957165360450745,,
8,106149,,0.25973057746887207,,
8,106199,,0.23314884305000305,,
8,106249,,0.22742736339569092,,
8,106299,,0.21046483516693115,,
,5216,,,,0.47909435629844666
,5217,,,,0.10549215972423553
,5218,,,,0.17433544993400574
,5219,,,,0.15936481952667236
,5220,,,,0.12845978140830994
,5221,,,,0.2850533723831177
,5222,,,,0.20194056630134583
,5223,,,,0.30718815326690674
,5224,,,,0.40940219163894653
,5225,,,,0.2065557837486267
,5226,,,,0.11799848079681396
,5227,,,,0.2929571568965912
,5228,,,,0.12271973490715027
,5229,,,,0.2750718295574188
,5230,,,,0.12878060340881348
,5231,,,,0.16793343424797058
,5232,,,,0.19114801287651062
,5233,,,,0.07110059261322021
,5234,,,,0.04167049750685692
,5235,,,,0.07716716825962067
,5236,,,,0.10567149519920349
,5237,,,,0.07411935925483704
,5238,,,,0.08044536411762238
,5239,,,,0.21895629167556763
,5240,,,,0.2480122447013855
,5241,,,,0.20919059216976166
,5242,,,,0.13134324550628662
,5243,,,,0.36701443791389465
,5244,,,,0.21166127920150757
,5245,,,,0.1721881926059723
,5246,,,,0.10739624500274658
,5247,,,,0.29838982224464417
,5248,,,,0.20045623183250427
,5249,,,,0.17163559794425964
,5250,,,,0.15959139168262482
,5251,,,,0.09986478090286255
,5252,,,,0.07877747714519501
,5253,,,,0.08238184452056885
,5254,,,,0.42257124185562134
,5255,,,,0.44081437587738037
,5256,,,,0.32170403003692627
,5257,,,,0.36354443430900574
,5258,,,,0.4762100577354431
,5259,,,,0.7192941904067993
,5260,,,,0.28471678495407104
,5261,,,,0.3463682234287262
,5262,,,,0.20197832584381104
,5263,,,,0.33594709634780884
,5264,,,,0.22880113124847412
,5265,,,,0.0938473492860794
,5266,,,,0.16520826518535614
,5267,,,,0.09124121814966202
,5268,,,,0.15515148639678955
,5269,,,,0.26933953166007996
,5270,,,,0.23387396335601807
,5271,,,,0.17286933958530426
,5272,,,,0.13761606812477112
,5273,,,,0.14832788705825806
,5274,,,,0.2000754475593567
,5275,,,,0.14164674282073975
,5276,,,,0.22500339150428772
,5277,,,,0.11927814781665802
,5278,,,,0.1354450285434723
,5279,,,,0.274967759847641
,5280,,,,0.33726799488067627
,5281,,,,0.43485042452812195
,5282,,,,0.2605034112930298
,5283,,,,0.21801307797431946
,5284,,,,0.08754109591245651
,5285,,,,0.03210301324725151
,5286,,,,0.1982738971710205
,5287,,,,0.21051400899887085
,5288,,,,0.24402794241905212
,5289,,,,0.2408754974603653
,5290,,,,0.14535397291183472
,5291,,,,0.11837402731180191
,5292,,,,0.23009945452213287
,5293,,,,0.1576726734638214
,5294,,,,0.4221704602241516
,5295,,,,0.3251625597476959
,5296,,,,0.20331519842147827
,5297,,,,0.24229326844215393
,5298,,,,0.09216231107711792
,5299,,,,0.2574923038482666
,5300,,,,0.15562108159065247
,5301,,,,0.17722313106060028
,5302,,,,0.12950748205184937
,5303,,,,0.2814006209373474
,5304,,,,0.35172468423843384
,5305,,,,0.18315237760543823
,5306,,,,0.683134913444519
,5307,,,,0.30702269077301025
,5308,,,,0.12718713283538818
,5309,,,,0.29349011182785034
,5310,,,,0.2107202559709549
,5311,,,,0.1615152209997177
,5312,,,,0.24281124770641327
,5313,,,,0.11218833923339844
,5314,,,,0.0781201422214508
,5315,,,,0.14608712494373322
,5316,,,,0.12249755859375
,5317,,,,0.39415258169174194
,5318,,,,0.22047628462314606
,5319,,,,0.2841259837150574
,5320,,,,0.16098225116729736
,5321,,,,0.2227073758840561
,5322,,,,0.21547743678092957
,5323,,,,0.20424671471118927
,5324,,,,0.25198328495025635
,5325,,,,0.15039776265621185
,5326,,,,0.12237507849931717
,5327,,,,0.25846192240715027
,5328,,,,0.2578280568122864
,5329,,,,0.6589193940162659
,5330,,,,0.08057603240013123
,5331,,,,0.3367992043495178
,5332,,,,0.5070545673370361
,5333,,,,0.3662179112434387
,5334,,,,0.20429959893226624
,5335,,,,0.3862295150756836
,5336,,,,0.23802462220191956
,5337,,,,0.18829314410686493
,5338,,,,0.2063698023557663
,5339,,,,0.21883083879947662
,5340,,,,0.22514966130256653
,5341,,,,0.18883201479911804
,5342,,,,0.20110958814620972
,5343,,,,0.15347225964069366
,5344,,,,0.20280086994171143
,5345,,,,0.07771152257919312
,5346,,,,0.12607359886169434
,5347,,,,0.23765894770622253
,5348,,,,0.3276338577270508
,5349,,,,0.2202894389629364
,5350,,,,0.1885083019733429
,5351,,,,0.6294420957565308
,5352,,,,0.18477775156497955
,5353,,,,0.477652370929718
,5354,,,,0.26759907603263855
,5355,,,,0.22386595606803894
,5356,,,,0.1826050579547882
,5357,,,,0.2164362072944641
,5358,,,,0.2778294086456299
,5359,,,,0.22849228978157043
,5360,,,,0.15214058756828308
,5361,,,,0.25298696756362915
,5362,,,,0.3849036395549774
,5363,,,,0.17472265660762787
,5364,,,,0.1413867473602295
,5365,,,,0.39659297466278076
,5366,,,,0.20276911556720734
,5367,,,,0.24939914047718048
,5368,,,,0.34098273515701294
,5369,,,,0.20155484974384308
,5370,,,,0.08472653478384018
,5371,,,,0.7034649848937988
,5372,,,,0.3534623980522156
,5373,,,,0.5117497444152832
,5374,,,,0.4901041090488434
,5375,,,,0.22959737479686737
,5376,,,,0.394131064414978
,5377,,,,0.08873641490936279
,5378,,,,0.20163097977638245
,5379,,,,0.1772884577512741
,5380,,,,0.26813825964927673
,5381,,,,0.19349731504917145
,5382,,,,0.1879081428050995
,5383,,,,0.19842225313186646
,5384,,,,0.16420046985149384
,5385,,,,0.571831464767456
,5386,,,,0.15996751189231873
,5387,,,,0.21208038926124573
,5388,,,,0.26701682806015015
,5389,,,,0.13651886582374573
,5390,,,,0.06156875938177109
,5391,,,,0.5042192935943604
,5392,,,,0.25311279296875
,5393,,,,0.21737118065357208
,5394,,,,0.24300280213356018
,5395,,,,0.17792409658432007
,5396,,,,0.24627120792865753
,5397,,,,0.0984460860490799
,5398,,,,0.15779165923595428
,5399,,,,0.10070028156042099
,5400,,,,0.3871555030345917
,5401,,,,0.20973911881446838
,5402,,,,0.20605060458183289
,5403,,,,0.4405098259449005
,5404,,,,0.12023315578699112
,5405,,,,0.13888485729694366
,5406,,,,0.1427341252565384
,5407,,,,0.2630772292613983
,5408,,,,0.0690714567899704
,5409,,,,0.056962691247463226
,5410,,,,0.07709160447120667
,5411,,,,0.30804121494293213
,5412,,,,0.2739257216453552
,5413,,,,0.10529458522796631
,5414,,,,0.22844582796096802
,5415,,,,0.22504454851150513
,5416,,,,0.09062185138463974
,5417,,,,0.33161428570747375
,5418,,,,0.19812926650047302
,5419,,,,0.18671450018882751
,5420,,,,0.26849764585494995
,5421,,,,0.22106654942035675
,5422,,,,0.11888810247182846
,5423,,,,0.416704922914505
,5424,,,,0.20023490488529205
,5425,,,,0.15435954928398132
,5426,,,,0.14564746618270874
,5427,,,,0.24281787872314453
,5428,,,,0.1801699846982956
,5429,,,,0.08961217105388641
,5430,,,,0.19050797820091248
,5431,,,,0.19373875856399536
,5432,,,,0.182617649435997
,5433,,,,0.09263753145933151
,5434,,,,0.18982790410518646
,5435,,,,0.20055237412452698
,5436,,,,0.11704583466053009
,5437,,,,0.3863016963005066
,5438,,,,0.1994554102420807
,5439,,,,0.262410968542099
,5440,,,,0.28540337085723877
,5441,,,,0.4378984868526459
,5442,,,,0.1647513210773468
,5443,,,,0.8638951182365417
,5444,,,,0.6596328020095825
,5445,,,,0.6113537549972534
,5446,,,,0.2532844543457031
,5447,,,,0.07194064557552338
,5448,,,,0.374539315700531
,5449,,,,0.2849617898464203
,5450,,,,0.13904529809951782
,5451,,,,0.08763763308525085
,5452,,,,0.20572851598262787
,5453,,,,0.14651508629322052
,5454,,,,0.164624884724617
,5455,,,,0.08410876989364624
,5456,,,,0.308236300945282
,5457,,,,0.45885008573532104
,5458,,,,0.056595414876937866
,5459,,,,0.32949697971343994
,5460,,,,0.2781982719898224
,5461,,,,0.45945078134536743
,5462,,,,0.16250485181808472
,5463,,,,0.4776504635810852
,5464,,,,0.43507346510887146
,5465,,,,0.11267085373401642
,5466,,,,0.25543057918548584
,5467,,,,0.3873046636581421
,5468,,,,0.6473991274833679
,5469,,,,0.5313363075256348
,5470,,,,0.30033665895462036
,5471,,,,0.20364266633987427
,5472,,,,0.13106182217597961
,5473,,,,0.13264283537864685
,5474,,,,0.09244125336408615
,5475,,,,0.16567635536193848
,5476,,,,0.28601616621017456
,5477,,,,0.4867455065250397
,5478,,,,0.12099839001893997
,5479,,,,0.21268844604492188
,5480,,,,0.34142833948135376
,5481,,,,0.43899106979370117
,5482,,,,0.5698645114898682
,5483,,,,0.37977874279022217
,5484,,,,0.4300936460494995
,5485,,,,0.16615533828735352
,5486,,,,0.06929373741149902
,5487,,,,0.08012442290782928
,5488,,,,0.21614627540111542
,5489,,,,0.08216795325279236
,5490,,,,0.3368822932243347
,5491,,,,0.16211242973804474
,5492,,,,0.20089304447174072
,5493,,,,0.11314055323600769
,5494,,,,0.35224783420562744
,5495,,,,0.5777286291122437
,5496,,,,0.33559462428092957
,5497,,,,0.16129638254642487
,5498,,,,0.22476568818092346
,5499,,,,0.2899329960346222
,5500,,,,0.5364608764648438
,5501,,,,0.26331233978271484
,5502,,,,0.36558762192726135
,5503,,,,0.08593984693288803
,5504,,,,0.5654149651527405
,5505,,,,0.31898969411849976
,5506,,,,0.4397682547569275
,5507,,,,0.17474618554115295
,5508,,,,0.5216008424758911
,5509,,,,0.5322470664978027
,5510,,,,0.14492103457450867
,5511,,,,0.29719361662864685
,5512,,,,0.18098606169223785
,5513,,,,0.6363421678543091
,5514,,,,0.3107830286026001
,5515,,,,0.3366248905658722
,5516,,,,0.2152043581008911
,5517,,,,0.07795150578022003
,5518,,,,0.28124886751174927
,5519,,,,0.2451895773410797
,5520,,,,0.1746882051229477
,5521,,,,0.15682506561279297
,5522,,,,0.6136553287506104
,5523,,,,0.16428735852241516
,5524,,,,0.19486257433891296
,5525,,,,0.07343357801437378
,5526,,,,0.40214842557907104
,5527,,,,0.37368547916412354
,5528,,,,0.13423720002174377
,5529,,,,0.18017269670963287
,5530,,,,0.10326910763978958
,5531,,,,0.1262817233800888
,5532,,,,0.19554585218429565
,5533,,,,0.35892385244369507
,5534,,,,0.26225990056991577
,5535,,,,0.2703154981136322
,5536,,,,0.049804821610450745
,5537,,,,0.23163853585720062
,5538,,,,0.3294885456562042
,5539,,,,0.2402077317237854
,5540,,,,0.20461179316043854
,5541,,,,0.18774086236953735
,5542,,,,0.1503847986459732
,5543,,,,0.08030582964420319
,5544,,,,0.16516201198101044
,5545,,,,0.3584056496620178
,5546,,,,0.1885685920715332
,5547,,,,0.14860425889492035
,5548,,,,0.2405284345149994
,5549,,,,0.25966015458106995
,5550,,,,0.15021511912345886
,5551,,,,0.5556747317314148
,5552,,,,0.38178378343582153
,5553,,,,0.37848496437072754
,5554,,,,0.18289373815059662
,5555,,,,0.3818090558052063
,5556,,,,0.2808704972267151
,5557,,,,0.23874863982200623
,5558,,,,0.510330080986023
,5559,,,,0.14287155866622925
,5560,,,,0.11180666834115982
,5561,,,,0.1301356852054596
,5562,,,,0.1478196382522583
,5563,,,,0.12182357162237167
,5564,,,,0.07476632297039032
,5565,,,,0.07578296214342117
,5566,,,,0.25211822986602783
,5567,,,,0.1611994057893753
,5568,,,,0.18949183821678162
,5569,,,,0.43677133321762085
,5570,,,,0.20403827726840973
,5571,,,,0.37983283400535583
,5572,,,,0.5223537683486938
,5573,,,,0.28439080715179443
,5574,,,,0.25713443756103516
,5575,,,,0.07152047753334045
,5576,,,,0.11349444836378098
,5577,,,,0.213423490524292
,5578,,,,0.15866613388061523
,5579,,,,0.49245744943618774
,5580,,,,0.36979368329048157
,5581,,,,0.2642563581466675
,5582,,,,0.14111974835395813
,5583,,,,0.5371094942092896
,5584,,,,0.10375991463661194
,5585,,,,0.6605313420295715
,5586,,,,0.28288689255714417
,5587,,,,0.6470015048980713
,5588,,,,0.37210527062416077
,5589,,,,0.19859839975833893
,5590,,,,0.4907354712486267
,5591,,,,0.29031461477279663
,5592,,,,0.6065835952758789
,5593,,,,0.2187289595603943
,5594,,,,0.09408903121948242
,5595,,,,0.09863851964473724
,5596,,,,0.2843833267688751
,5597,,,,0.18375566601753235
,5598,,,,0.3379710912704468
,5599,,,,0.40230363607406616
,5600,,,,0.258613646030426
,5601,,,,0.15992675721645355
,5602,,,,0.08372251689434052
,5603,,,,0.3311455249786377
,5604,,,,0.16083765029907227
,5605,,,,0.3158935010433197
,5606,,,,0.19295373558998108
,5607,,,,0.33413052558898926
,5608,,,,0.3159707188606262
,5609,,,,0.11246692389249802
,5610,,,,0.134162038564682
,5611,,,,0.21699261665344238
,5612,,,,0.11822408437728882
,5613,,,,0.29102784395217896
,5614,,,,0.37324902415275574
,5615,,,,0.23708829283714294
,5616,,,,0.20509310066699982
,5617,,,,0.3627270758152008
,5618,,,,0.21565857529640198
,5619,,,,0.2992613911628723
,5620,,,,0.10719861835241318
,5621,,,,0.44060006737709045
,5622,,,,0.10186219960451126
,5623,,,,0.37638893723487854
,5624,,,,0.22330090403556824
,5625,,,,0.2944509983062744
,5626,,,,0.51639723777771
,5627,,,,0.10770031809806824
,5628,,,,0.4884214401245117
,5629,,,,0.08432687819004059
,5630,,,,0.42038822174072266
,5631,,,,0.24777540564537048
,5632,,,,0.20413726568222046
,5633,,,,0.10827285796403885
,5634,,,,0.20887592434883118
,5635,,,,0.11295148730278015
,5636,,,,0.1972646415233612
,5637,,,,0.4113532304763794
,5638,,,,0.1969454437494278
,5639,,,,0.1466209590435028
,5640,,,,0.22283828258514404
,5641,,,,0.04665249586105347
,5642,,,,0.11791738122701645
,5643,,,,0.17016634345054626
,5644,,,,0.1338677853345871
,5645,,,,0.28997498750686646
,5646,,,,0.213963583111763
,5647,,,,0.20159846544265747
,5648,,,,0.19246357679367065
,5649,,,,0.09275764226913452
,5650,,,,0.35570764541625977
,5651,,,,0.10324057936668396
,5652,,,,0.14068104326725006
,5653,,,,0.07184647023677826
,5654,,,,0.15554726123809814
,5655,,,,0.15407031774520874
,5656,,,,0.08872649818658829
,5657,,,,0.22715547680854797
,5658,,,,0.30536946654319763
,5659,,,,0.1989302635192871
,5660,,,,0.1305372416973114
,5661,,,,0.16568498313426971
,5662,,,,0.20935186743736267
,5663,,,,0.34858590364456177
,5664,,,,0.44698798656463623
,5665,,,,0.28479716181755066
,5666,,,,0.5099964141845703
,5667,,,,0.17602288722991943
,5668,,,,0.14061854779720306
,5669,,,,0.1829204112291336
,5670,,,,0.14663761854171753
,5671,,,,0.10540474206209183
,5672,,,,0.3068014979362488
,5673,,,,0.3582248091697693
,5674,,,,0.15430016815662384
,5675,,,,0.08701713383197784
,5676,,,,0.06845956295728683
,5677,,,,0.29168397188186646
,5678,,,,0.2175842523574829
,5679,,,,0.0807802602648735
,5680,,,,0.0698910728096962
,5681,,,,0.08886395394802094
,5682,,,,0.04296834021806717
,5683,,,,0.04942172393202782
,5684,,,,0.05281379446387291
,5685,,,,0.06739034503698349
,5686,,,,0.11601630598306656
,5687,,,,0.12384755164384842
,5688,,,,0.08598042279481888
,5689,,,,0.06899939477443695
,5690,,,,0.08914480358362198
,5691,,,,0.13740383088588715
,5692,,,,0.06046491116285324
,5693,,,,0.18132701516151428
,5694,,,,0.06987215578556061
,5695,,,,0.10768544673919678
,5696,,,,0.08479932695627213
,5697,,,,0.25235581398010254
,5698,,,,0.2543906569480896
,5699,,,,0.26535463333129883
,5700,,,,0.5332112908363342
,5701,,,,0.18883752822875977
,5702,,,,0.26687806844711304
,5703,,,,0.24457305669784546
,5704,,,,0.166179358959198
,5705,,,,0.11341184377670288
,5706,,,,0.23810438811779022
,5707,,,,0.19729480147361755
,5708,,,,0.1538410186767578
,5709,,,,0.19458049535751343
,5710,,,,0.08169825375080109
,5711,,,,0.12481574714183807
,5712,,,,0.09024986624717712
,5713,,,,0.06534097343683243
,5714,,,,0.03964123874902725
,5715,,,,0.08189964294433594
,5716,,,,0.10589450597763062
,5717,,,,0.09425827115774155
,5718,,,,0.15628421306610107
,5719,,,,0.08078789710998535
,5720,,,,0.056199073791503906
,5721,,,,0.03661416471004486
,5722,,,,0.20003055036067963
,5723,,,,0.5033361315727234
,5724,,,,0.3404240608215332
,5725,,,,0.3348628878593445
,5726,,,,0.26226693391799927
,5727,,,,0.14854682981967926
,5728,,,,0.2126108556985855
,5729,,,,0.3143535256385803
,5730,,,,0.3556990623474121
,5731,,,,0.4533213973045349
,5732,,,,0.30894333124160767
,5733,,,,0.3093743324279785
,5734,,,,0.10901197791099548
,5735,,,,0.15777111053466797
,5736,,,,0.2200070023536682
,5737,,,,0.18150514364242554
,5738,,,,0.14399752020835876
,5739,,,,0.22108194231987
,5740,,,,0.036519937217235565
,5741,,,,0.18823027610778809
,5742,,,,0.09956550598144531
,5743,,,,0.11028478294610977
,5744,,,,0.2785753011703491
,5745,,,,0.13173766434192657
,5746,,,,0.07481315732002258
,5747,,,,0.17833676934242249
,5748,,,,0.3493809103965759
,5749,,,,0.2705945372581482
,5750,,,,0.04947280138731003
,5751,,,,0.20282433927059174
,5752,,,,0.08796460926532745
,5753,,,,0.20469090342521667
,5754,,,,0.18145877122879028
,5755,,,,0.045585766434669495
,5756,,,,0.08305343240499496
,5757,,,,0.07467689365148544
,5758,,,,0.23806342482566833
,5759,,,,0.3376562297344208
,5760,,,,0.23152673244476318
,5761,,,,0.06422649323940277
,5762,,,,0.3761737644672394
,5763,,,,0.21453246474266052
,5764,,,,0.242201566696167
,5765,,,,0.2825384736061096
,5766,,,,0.156162291765213
,5767,,,,0.3976382911205292
,5768,,,,0.41534721851348877
,5769,,,,0.3116826117038727
,5770,,,,0.12356619536876678
,5771,,,,0.08833931386470795
,5772,,,,0.27860939502716064
,5773,,,,0.23292392492294312
,5774,,,,0.8588721752166748
,5775,,,,0.2590276598930359
,5776,,,,0.18167027831077576
,5777,,,,0.3902209401130676
,5778,,,,0.12519997358322144
,5779,,,,0.34179922938346863
,5780,,,,0.36954715847969055
,5781,,,,0.2682465612888336
,5782,,,,0.09324755519628525
,5783,,,,0.3781093657016754
,5784,,,,0.08700445294380188
,5785,,,,0.2821847200393677
,5786,,,,0.19604872167110443
,5787,,,,0.11110604554414749
,5788,,,,0.1832137256860733
,5789,,,,0.2995963394641876
,5790,,,,0.26113253831863403
,5791,,,,0.28121161460876465
,5792,,,,0.19297803938388824
,5793,,,,0.24228975176811218
,5794,,,,0.11846953630447388
,5795,,,,0.26795297861099243
,5796,,,,0.21869860589504242
,5797,,,,0.7883336544036865
,5798,,,,0.3778232932090759
,5799,,,,0.15898054838180542
,5800,,,,0.2463589310646057
,5801,,,,0.546149730682373
,5802,,,,0.6051987409591675
,5803,,,,0.1664896011352539
,5804,,,,0.555433988571167
,5805,,,,0.26437631249427795
,5806,,,,0.17767468094825745
,5807,,,,0.23440322279930115
,5808,,,,0.1400284767150879
,5809,,,,0.35275882482528687
,5810,,,,0.10808515548706055
,5811,,,,0.2072533667087555
,5812,,,,0.2138722538948059
,5813,,,,0.5871440768241882
,5814,,,,0.2894339859485626
,5815,,,,0.2262488603591919
,5816,,,,0.5264351963996887
,5817,,,,0.13539531826972961
,5818,,,,0.14929045736789703
,5819,,,,0.20931270718574524
,5820,,,,0.2357141226530075
,5821,,,,0.21706460416316986
,5822,,,,0.1483764350414276
,5823,,,,0.3419722318649292
,5824,,,,0.24880850315093994
,5825,,,,0.16479191184043884
,5826,,,,0.17424684762954712
,5827,,,,0.09208580106496811
,5828,,,,0.12833666801452637
,5829,,,,0.05715726315975189
,5830,,,,0.2847840487957001
,5831,,,,0.19648127257823944
,5832,,,,0.20540252327919006
,5833,,,,0.1933746486902237
,5834,,,,0.22143763303756714
,5835,,,,0.37143027782440186
,5836,,,,0.323111355304718
,5837,,,,0.07862409204244614
,5838,,,,0.16951681673526764
,5839,,,,0.22463959455490112
,5840,,,,0.29273033142089844
,5841,,,,0.15841469168663025
,5842,,,,0.38553160429000854
,5843,,,,0.21383637189865112
,5844,,,,0.17807689309120178
,5845,,,,0.07236549258232117
,5846,,,,0.06760019063949585
,5847,,,,0.19190864264965057
,5848,,,,0.14333969354629517
,5849,,,,0.29593050479888916
,5850,,,,0.31732726097106934
,5851,,,,0.16633102297782898
,5852,,,,0.19695249199867249
,5853,,,,0.2681710720062256
,5854,,,,0.09060926735401154
,5855,,,,0.3838962912559509
,5856,,,,0.27001383900642395
,5857,,,,0.19120213389396667
,5858,,,,0.21702057123184204
,5859,,,,0.09727247059345245
,5860,,,,0.06630764901638031
,5861,,,,0.09956459701061249
,5862,,,,0.23644381761550903
,5863,,,,0.45314890146255493
,5864,,,,0.15847459435462952
,5865,,,,0.35899168252944946
,5866,,,,0.3272179365158081
,5867,,,,0.11676500737667084
8,106316,,,0.2360592782497406,
8,106316,0.23340752720832825,,,
9,106349,,0.2473200261592865,,
9,106399,,0.2538944184780121,,
9,106449,,0.1938551664352417,,
9,106499,,0.2509404718875885,,
9,106549,,0.2551487982273102,,
9,106599,,0.25885170698165894,,
9,106649,,0.22971883416175842,,
9,106699,,0.20591850578784943,,
9,106749,,0.15902598202228546,,
9,106799,,0.2539859116077423,,
9,106849,,0.16123446822166443,,
9,106899,,0.25868991017341614,,
9,106949,,0.17808710038661957,,
9,106999,,0.2724025249481201,,
9,107049,,0.22424229979515076,,
9,107099,,0.27581220865249634,,
9,107149,,0.253764808177948,,
9,107199,,0.19973823428153992,,
9,107249,,0.1949465423822403,,
9,107299,,0.24342676997184753,,
9,107349,,0.23717567324638367,,
9,107399,,0.2719222903251648,,
9,107449,,0.26160097122192383,,
9,107499,,0.18640640377998352,,
9,107549,,0.20657189190387726,,
9,107599,,0.28042668104171753,,
9,107649,,0.2232898771762848,,
9,107699,,0.19872978329658508,,
9,107749,,0.22319155931472778,,
9,107799,,0.21592485904693604,,
9,107849,,0.23880228400230408,,
9,107899,,0.2636628746986389,,
9,107949,,0.2263229340314865,,
9,107999,,0.2100149691104889,,
9,108049,,0.23786146938800812,,
9,108099,,0.26545143127441406,,
9,108149,,0.23135991394519806,,
9,108199,,0.21890141069889069,,
9,108249,,0.2548326253890991,,
9,108299,,0.24721093475818634,,
9,108349,,0.24232080578804016,,
9,108399,,0.24698510766029358,,
9,108449,,0.234873965382576,,
9,108499,,0.18649785220623016,,
9,108549,,0.2657414674758911,,
9,108599,,0.26002389192581177,,
9,108649,,0.2511075437068939,,
9,108699,,0.2027607262134552,,
9,108749,,0.2563827931880951,,
9,108799,,0.238487109541893,,
9,108849,,0.21529939770698547,,
9,108899,,0.22811594605445862,,
9,108949,,0.288728803396225,,
9,108999,,0.27191436290740967,,
9,109049,,0.20276841521263123,,
9,109099,,0.1829807460308075,,
9,109149,,0.20337647199630737,,
9,109199,,0.26132962107658386,,
9,109249,,0.21564731001853943,,
9,109299,,0.2630532383918762,,
9,109349,,0.2277129590511322,,
9,109399,,0.20219658315181732,,
9,109449,,0.23564578592777252,,
9,109499,,0.23870739340782166,,
9,109549,,0.16848304867744446,,
9,109599,,0.2730640172958374,,
9,109649,,0.29020819067955017,,
9,109699,,0.17951183021068573,,
9,109749,,0.26749759912490845,,
9,109799,,0.2509835958480835,,
9,109849,,0.26700764894485474,,
9,109899,,0.29213565587997437,,
9,109949,,0.213495135307312,,
9,109999,,0.2256721556186676,,
9,110049,,0.17748019099235535,,
9,110099,,0.2308274805545807,,
9,110149,,0.1891462802886963,,
9,110199,,0.20321278274059296,,
9,110249,,0.20737022161483765,,
9,110299,,0.22622069716453552,,
9,110349,,0.20381732285022736,,
9,110399,,0.21958163380622864,,
9,110449,,0.30537813901901245,,
9,110499,,0.22136586904525757,,
9,110549,,0.2627277076244354,,
9,110599,,0.22044044733047485,,
9,110649,,0.20888680219650269,,
9,110699,,0.21385420858860016,,
9,110749,,0.23880448937416077,,
9,110799,,0.20107775926589966,,
9,110849,,0.20533615350723267,,
9,110899,,0.24200762808322906,,
9,110949,,0.3191474378108978,,
9,110999,,0.19665664434432983,,
9,111049,,0.18667812645435333,,
9,111099,,0.26992926001548767,,
9,111149,,0.2521432638168335,,
9,111199,,0.2293594926595688,,
9,111249,,0.22555820643901825,,
9,111299,,0.21660944819450378,,
9,111349,,0.24132557213306427,,
9,111399,,0.23800227046012878,,
9,111449,,0.3073987364768982,,
9,111499,,0.20189109444618225,,
9,111549,,0.2543248236179352,,
9,111599,,0.287395715713501,,
9,111649,,0.18746834993362427,,
9,111699,,0.23376618325710297,,
9,111749,,0.18818536400794983,,
9,111799,,0.23557740449905396,,
9,111849,,0.26110392808914185,,
9,111899,,0.2010476142168045,,
9,111949,,0.24869048595428467,,
9,111999,,0.2569364607334137,,
9,112049,,0.21207571029663086,,
9,112099,,0.21996650099754333,,
9,112149,,0.1393531858921051,,
9,112199,,0.22665156424045563,,
9,112249,,0.24513329565525055,,
9,112299,,0.2602309584617615,,
9,112349,,0.19098591804504395,,
9,112399,,0.24980312585830688,,
9,112449,,0.19631831347942352,,
9,112499,,0.21743470430374146,,
9,112549,,0.2228127121925354,,
9,112599,,0.27860671281814575,,
9,112649,,0.24890334904193878,,
9,112699,,0.2316972017288208,,
9,112749,,0.20070551335811615,,
9,112799,,0.24537983536720276,,
9,112849,,0.1908503770828247,,
9,112899,,0.2202552855014801,,
9,112949,,0.23016755282878876,,
9,112999,,0.1948515772819519,,
9,113049,,0.2847863435745239,,
9,113099,,0.2392510026693344,,
9,113149,,0.20877951383590698,,
9,113199,,0.24813011288642883,,
9,113249,,0.25239303708076477,,
9,113299,,0.19848710298538208,,
9,113349,,0.20865672826766968,,
9,113399,,0.2455417364835739,,
9,113449,,0.21775677800178528,,
9,113499,,0.2797047793865204,,
9,113549,,0.26088839769363403,,
9,113599,,0.24301831424236298,,
9,113649,,0.32653018832206726,,
9,113699,,0.2423153966665268,,
9,113749,,0.2675286829471588,,
9,113799,,0.2834317982196808,,
9,113849,,0.24998852610588074,,
9,113899,,0.20112743973731995,,
9,113949,,0.21383129060268402,,
9,113999,,0.24118667840957642,,
9,114049,,0.22193339467048645,,
9,114099,,0.24987173080444336,,
9,114149,,0.2372211515903473,,
9,114199,,0.27249157428741455,,
9,114249,,0.287428081035614,,
9,114299,,0.21018368005752563,,
9,114349,,0.23200173676013947,,
9,114399,,0.20704089105129242,,
9,114449,,0.2744731605052948,,
9,114499,,0.22666755318641663,,
9,114549,,0.21809667348861694,,
9,114599,,0.24368128180503845,,
9,114649,,0.24332109093666077,,
9,114699,,0.23503616452217102,,
9,114749,,0.22826123237609863,,
9,114799,,0.2507196366786957,,
9,114849,,0.24239009618759155,,
9,114899,,0.2400585412979126,,
9,114949,,0.21559613943099976,,
9,114999,,0.2085036337375641,,
9,115049,,0.26573607325553894,,
9,115099,,0.21218252182006836,,
9,115149,,0.18740692734718323,,
9,115199,,0.2190578579902649,,
9,115249,,0.23806408047676086,,
9,115299,,0.23571793735027313,,
9,115349,,0.1911763846874237,,
9,115399,,0.20369210839271545,,
9,115449,,0.2584695518016815,,
9,115499,,0.1953885853290558,,
9,115549,,0.20367597043514252,,
9,115599,,0.23038507997989655,,
9,115649,,0.2015453279018402,,
9,115699,,0.25244712829589844,,
9,115749,,0.24105435609817505,,
9,115799,,0.269072562456131,,
9,115849,,0.21935772895812988,,
9,115899,,0.20272819697856903,,
9,115949,,0.21353310346603394,,
9,115999,,0.21434316039085388,,
9,116049,,0.24961143732070923,,
9,116099,,0.20016373693943024,,
9,116149,,0.22663448750972748,,
9,116199,,0.22217634320259094,,
9,116249,,0.15196548402309418,,
9,116299,,0.20789363980293274,,
9,116349,,0.2483460009098053,,
9,116399,,0.2354481816291809,,
9,116449,,0.17902565002441406,,
9,116499,,0.21717876195907593,,
9,116549,,0.19866879284381866,,
9,116599,,0.22826159000396729,,
9,116649,,0.1613088846206665,,
9,116699,,0.24814853072166443,,
9,116749,,0.23573321104049683,,
9,116799,,0.23906828463077545,,
9,116849,,0.21443761885166168,,
9,116899,,0.2365867644548416,,
9,116949,,0.25760191679000854,,
9,116999,,0.20785599946975708,,
9,117049,,0.2630932629108429,,
9,117099,,0.2697848677635193,,
9,117149,,0.24350301921367645,,
9,117199,,0.1774156093597412,,
9,117249,,0.22567850351333618,,
9,117299,,0.2646031975746155,,
9,117349,,0.22213903069496155,,
9,117399,,0.25344085693359375,,
9,117449,,0.2178063988685608,,
9,117499,,0.23499146103858948,,
9,117549,,0.21959571540355682,,
9,117599,,0.27117854356765747,,
9,117649,,0.287670373916626,,
9,117699,,0.23142290115356445,,
9,117749,,0.2520427405834198,,
9,117799,,0.3103805184364319,,
9,117849,,0.2495395988225937,,
9,117899,,0.23289698362350464,,
9,117949,,0.2348424792289734,,
9,117999,,0.1702558696269989,,
9,118049,,0.18307702243328094,,
9,118099,,0.27179181575775146,,
,5868,,,,0.4266491234302521
,5869,,,,0.0808909460902214
,5870,,,,0.1623227596282959
,5871,,,,0.21605046093463898
,5872,,,,0.0843682512640953
,5873,,,,0.2432527244091034
,5874,,,,0.22215737402439117
,5875,,,,0.30608808994293213
,5876,,,,0.4885033965110779
,5877,,,,0.20467674732208252
,5878,,,,0.1613486111164093
,5879,,,,0.3357990086078644
,5880,,,,0.11530256271362305
,5881,,,,0.28177785873413086
,5882,,,,0.12783068418502808
,5883,,,,0.136699378490448
,5884,,,,0.196266308426857
,5885,,,,0.08063873648643494
,5886,,,,0.060781098902225494
,5887,,,,0.11102902144193649
,5888,,,,0.13212178647518158
,5889,,,,0.07172656804323196
,5890,,,,0.06906869262456894
,5891,,,,0.16747573018074036
,5892,,,,0.23300200700759888
,5893,,,,0.22811105847358704
,5894,,,,0.11901868134737015
,5895,,,,0.3209490180015564
,5896,,,,0.22898468375205994
,5897,,,,0.16032135486602783
,5898,,,,0.13666932284832
,5899,,,,0.2958155572414398
,5900,,,,0.15866264700889587
,5901,,,,0.2160295993089676
,5902,,,,0.11988044530153275
,5903,,,,0.09303870052099228
,5904,,,,0.09090535342693329
,5905,,,,0.07074728608131409
,5906,,,,0.46657463908195496
,5907,,,,0.46948301792144775
,5908,,,,0.3658842444419861
,5909,,,,0.3457259237766266
,5910,,,,0.4934931695461273
,5911,,,,0.7380706667900085
,5912,,,,0.243466317653656
,5913,,,,0.3902401924133301
,5914,,,,0.20082888007164001
,5915,,,,0.3644722104072571
,5916,,,,0.22535771131515503
,5917,,,,0.12808465957641602
,5918,,,,0.19966264069080353
,5919,,,,0.10752961039543152
,5920,,,,0.15673813223838806
,5921,,,,0.2807735204696655
,5922,,,,0.2670425772666931
,5923,,,,0.18462373316287994
,5924,,,,0.118318110704422
,5925,,,,0.1430189609527588
,5926,,,,0.2031840682029724
,5927,,,,0.16877123713493347
,5928,,,,0.2539321482181549
,5929,,,,0.14246679842472076
,5930,,,,0.18234892189502716
,5931,,,,0.266158789396286
,5932,,,,0.34641680121421814
,5933,,,,0.43596458435058594
,5934,,,,0.28952115774154663
,5935,,,,0.2763136327266693
,5936,,,,0.10874484479427338
,5937,,,,0.05271913856267929
,5938,,,,0.1438397467136383
,5939,,,,0.23200900852680206
,5940,,,,0.23436889052391052
,5941,,,,0.20751214027404785
,5942,,,,0.13472485542297363
,5943,,,,0.09678209573030472
,5944,,,,0.26331889629364014
,5945,,,,0.20265348255634308
,5946,,,,0.41890841722488403
,5947,,,,0.34973055124282837
,5948,,,,0.1932908296585083
,5949,,,,0.20639488101005554
,5950,,,,0.11277735978364944
,5951,,,,0.29992109537124634
,5952,,,,0.197781503200531
,5953,,,,0.1833386868238449
,5954,,,,0.14855198562145233
,5955,,,,0.30371659994125366
,5956,,,,0.3474655747413635
,5957,,,,0.15472394227981567
,5958,,,,0.733521044254303
,5959,,,,0.3599034547805786
,5960,,,,0.11945086717605591
,5961,,,,0.3303285241127014
,5962,,,,0.17465347051620483
,5963,,,,0.1445728838443756
,5964,,,,0.2781878709793091
,5965,,,,0.07798345386981964
,5966,,,,0.07244078814983368
,5967,,,,0.20507892966270447
,5968,,,,0.14329609274864197
,5969,,,,0.3588138520717621
,5970,,,,0.2250102013349533
,5971,,,,0.28767234086990356
,5972,,,,0.17717774212360382
,5973,,,,0.27353864908218384
,5974,,,,0.23495127260684967
,5975,,,,0.23214855790138245
,5976,,,,0.2695552706718445
,5977,,,,0.15989330410957336
,5978,,,,0.08262577652931213
,5979,,,,0.31744384765625
,5980,,,,0.2566528022289276
,5981,,,,0.7091884613037109
,5982,,,,0.1277463287115097
,5983,,,,0.3004198372364044
,5984,,,,0.43983426690101624
,5985,,,,0.3486292064189911
,5986,,,,0.21525919437408447
,5987,,,,0.4241740107536316
,5988,,,,0.2193479835987091
,5989,,,,0.2576850354671478
,5990,,,,0.19084593653678894
,5991,,,,0.17145758867263794
,5992,,,,0.2131969928741455
,5993,,,,0.12972518801689148
,5994,,,,0.22162756323814392
,5995,,,,0.12115541100502014
,5996,,,,0.20214004814624786
,5997,,,,0.08545541763305664
,5998,,,,0.14976558089256287
,5999,,,,0.22023999691009521
,6000,,,,0.29155540466308594
,6001,,,,0.23088708519935608
,6002,,,,0.1688101440668106
,6003,,,,0.5961263179779053
,6004,,,,0.2137562483549118
,6005,,,,0.5096594095230103
,6006,,,,0.3007758855819702
,6007,,,,0.1941070556640625
,6008,,,,0.18778681755065918
,6009,,,,0.2016202211380005
,6010,,,,0.23436154425144196
,6011,,,,0.19426216185092926
,6012,,,,0.1229783222079277
,6013,,,,0.22285880148410797
,6014,,,,0.35336631536483765
,6015,,,,0.14707830548286438
,6016,,,,0.15458613634109497
,6017,,,,0.3523906469345093
,6018,,,,0.21340411901474
,6019,,,,0.23968124389648438
,6020,,,,0.2841951549053192
,6021,,,,0.255135178565979
,6022,,,,0.11439380794763565
,6023,,,,0.7518991231918335
,6024,,,,0.37622883915901184
,6025,,,,0.4383329451084137
,6026,,,,0.4536503851413727
,6027,,,,0.1866532266139984
,6028,,,,0.38525456190109253
,6029,,,,0.039757780730724335
,6030,,,,0.18944509327411652
,6031,,,,0.1407812535762787
,6032,,,,0.29335227608680725
,6033,,,,0.23025235533714294
,6034,,,,0.21121597290039062
,6035,,,,0.17741435766220093
,6036,,,,0.1409606635570526
,6037,,,,0.5842627286911011
,6038,,,,0.12532202899456024
,6039,,,,0.2920450270175934
,6040,,,,0.26753899455070496
,6041,,,,0.19715236127376556
,6042,,,,0.06301885843276978
,6043,,,,0.5251568555831909
,6044,,,,0.23795044422149658
,6045,,,,0.15750867128372192
,6046,,,,0.1940613090991974
,6047,,,,0.17710037529468536
,6048,,,,0.24653896689414978
,6049,,,,0.09826039522886276
,6050,,,,0.1521032452583313
,6051,,,,0.07724440842866898
,6052,,,,0.4062551259994507
,6053,,,,0.20784300565719604
,6054,,,,0.23588788509368896
,6055,,,,0.4556301236152649
,6056,,,,0.1561065912246704
,6057,,,,0.16427533328533173
,6058,,,,0.19128549098968506
,6059,,,,0.2869320809841156
,6060,,,,0.08879384398460388
,6061,,,,0.054409582167863846
,6062,,,,0.08103497326374054
,6063,,,,0.29439181089401245
,6064,,,,0.24838565289974213
,6065,,,,0.12104099243879318
,6066,,,,0.23789086937904358
,6067,,,,0.1773620843887329
,6068,,,,0.11856351792812347
,6069,,,,0.33363932371139526
,6070,,,,0.1994318664073944
,6071,,,,0.17430078983306885
,6072,,,,0.2746635675430298
,6073,,,,0.22268974781036377
,6074,,,,0.13480490446090698
,6075,,,,0.432866632938385
,6076,,,,0.17125007510185242
,6077,,,,0.21001458168029785
,6078,,,,0.1575169414281845
,6079,,,,0.27956676483154297
,6080,,,,0.166884183883667
,6081,,,,0.06113900989294052
,6082,,,,0.20509634912014008
,6083,,,,0.1612539291381836
,6084,,,,0.17895498871803284
,6085,,,,0.11826076358556747
,6086,,,,0.1278151422739029
,6087,,,,0.1519940197467804
,6088,,,,0.13412487506866455
,6089,,,,0.3506711423397064
,6090,,,,0.17195479571819305
,6091,,,,0.327229768037796
,6092,,,,0.2506624460220337
,6093,,,,0.452938437461853
,6094,,,,0.1312820017337799
,6095,,,,0.856208086013794
,6096,,,,0.590955913066864
,6097,,,,0.6113132834434509
,6098,,,,0.2812500298023224
,6099,,,,0.11567100882530212
,6100,,,,0.3978535532951355
,6101,,,,0.27446988224983215
,6102,,,,0.18018752336502075
,6103,,,,0.09497693926095963
,6104,,,,0.18690703809261322
,6105,,,,0.11841072142124176
,6106,,,,0.1625973880290985
,6107,,,,0.10699029266834259
,6108,,,,0.30690357089042664
,6109,,,,0.49300241470336914
,6110,,,,0.08081796765327454
,6111,,,,0.3930348753929138
,6112,,,,0.2587558627128601
,6113,,,,0.515358567237854
,6114,,,,0.14102058112621307
,6115,,,,0.42439085245132446
,6116,,,,0.41509801149368286
,6117,,,,0.1265827864408493
,6118,,,,0.2845016121864319
,6119,,,,0.43593859672546387
,6120,,,,0.6792252063751221
,6121,,,,0.42377305030822754
,6122,,,,0.38407665491104126
,6123,,,,0.20918232202529907
,6124,,,,0.1003599464893341
,6125,,,,0.12189627438783646
,6126,,,,0.07633266597986221
,6127,,,,0.15102174878120422
,6128,,,,0.2260255366563797
,6129,,,,0.5356153249740601
,6130,,,,0.11420755088329315
,6131,,,,0.2686607241630554
,6132,,,,0.30453312397003174
,6133,,,,0.45906710624694824
,6134,,,,0.5793423056602478
,6135,,,,0.4053013324737549
,6136,,,,0.4791553020477295
,6137,,,,0.18752259016036987
,6138,,,,0.07252982258796692
,6139,,,,0.06803286075592041
,6140,,,,0.16540396213531494
,6141,,,,0.07055802643299103
,6142,,,,0.33284297585487366
,6143,,,,0.1393689215183258
,6144,,,,0.15375187993049622
,6145,,,,0.11076842248439789
,6146,,,,0.345869243144989
,6147,,,,0.6091625094413757
,6148,,,,0.27957406640052795
,6149,,,,0.14285588264465332
,6150,,,,0.20274418592453003
,6151,,,,0.29596012830734253
,6152,,,,0.5019180774688721
,6153,,,,0.2647993862628937
,6154,,,,0.36800217628479004
,6155,,,,0.08174383640289307
,6156,,,,0.5836591720581055
,6157,,,,0.26355183124542236
,6158,,,,0.3742901682853699
,6159,,,,0.15938812494277954
,6160,,,,0.5354669094085693
,6161,,,,0.4932284951210022
,6162,,,,0.09188379347324371
,6163,,,,0.2667987644672394
,6164,,,,0.17308716475963593
,6165,,,,0.6667269468307495
,6166,,,,0.23273098468780518
,6167,,,,0.3574688732624054
,6168,,,,0.20120784640312195
,6169,,,,0.06828345358371735
,6170,,,,0.25550758838653564
,6171,,,,0.20585644245147705
,6172,,,,0.16118434071540833
,6173,,,,0.17432615160942078
,6174,,,,0.6202626824378967
,6175,,,,0.11073344200849533
,6176,,,,0.2452978491783142
,6177,,,,0.05160162225365639
,6178,,,,0.4535767436027527
,6179,,,,0.37869781255722046
,6180,,,,0.11858166754245758
,6181,,,,0.208604097366333
,6182,,,,0.12699878215789795
,6183,,,,0.14492502808570862
,6184,,,,0.14515875279903412
,6185,,,,0.33340519666671753
,6186,,,,0.2322685569524765
,6187,,,,0.27998095750808716
,6188,,,,0.05203205719590187
,6189,,,,0.2728790044784546
,6190,,,,0.3532663881778717
,6191,,,,0.24002429842948914
,6192,,,,0.17715361714363098
,6193,,,,0.1611669957637787
,6194,,,,0.14521777629852295
,6195,,,,0.10466299951076508
,6196,,,,0.18430401384830475
,6197,,,,0.325524240732193
,6198,,,,0.11816194653511047
,6199,,,,0.1747257560491562
,6200,,,,0.18784381449222565
,6201,,,,0.20439684391021729
,6202,,,,0.12653833627700806
,6203,,,,0.5524129271507263
,6204,,,,0.4006306231021881
,6205,,,,0.37799328565597534
,6206,,,,0.16707861423492432
,6207,,,,0.3385581970214844
,6208,,,,0.2982369065284729
,6209,,,,0.1937689483165741
,6210,,,,0.5332909822463989
,6211,,,,0.13585755228996277
,6212,,,,0.07665228843688965
,6213,,,,0.13495473563671112
,6214,,,,0.1405237913131714
,6215,,,,0.14780528843402863
,6216,,,,0.12170907855033875
,6217,,,,0.05937381833791733
,6218,,,,0.2396567463874817
,6219,,,,0.1386464387178421
,6220,,,,0.23349037766456604
,6221,,,,0.4743782877922058
,6222,,,,0.22393688559532166
,6223,,,,0.4267668128013611
,6224,,,,0.5293364524841309
,6225,,,,0.2867448329925537
,6226,,,,0.2986654043197632
,6227,,,,0.0724731907248497
,6228,,,,0.14052902162075043
,6229,,,,0.1716236025094986
,6230,,,,0.17175859212875366
,6231,,,,0.44025954604148865
,6232,,,,0.37293821573257446
,6233,,,,0.23831352591514587
,6234,,,,0.18400608003139496
,6235,,,,0.5182907581329346
,6236,,,,0.14205344021320343
,6237,,,,0.665148913860321
,6238,,,,0.23425187170505524
,6239,,,,0.696630597114563
,6240,,,,0.38113224506378174
,6241,,,,0.25596338510513306
,6242,,,,0.4987667202949524
,6243,,,,0.322119802236557
,6244,,,,0.6459690928459167
,6245,,,,0.2115415334701538
,6246,,,,0.09166759252548218
,6247,,,,0.08056147396564484
,6248,,,,0.18534402549266815
,6249,,,,0.1892332285642624
,6250,,,,0.35731521248817444
,6251,,,,0.3737170100212097
,6252,,,,0.19270914793014526
,6253,,,,0.16798748075962067
,6254,,,,0.08067432790994644
,6255,,,,0.37062549591064453
,6256,,,,0.09362737089395523
,6257,,,,0.35745662450790405
,6258,,,,0.16532117128372192
,6259,,,,0.2771143317222595
,6260,,,,0.2915404438972473
,6261,,,,0.09330853074789047
,6262,,,,0.13787785172462463
,6263,,,,0.16564613580703735
,6264,,,,0.11299670487642288
,6265,,,,0.3657582402229309
,6266,,,,0.37376701831817627
,6267,,,,0.21477468311786652
,6268,,,,0.25314027070999146
,6269,,,,0.3660784065723419
,6270,,,,0.24970954656600952
,6271,,,,0.3358262777328491
,6272,,,,0.11520931124687195
,6273,,,,0.48596474528312683
,6274,,,,0.1709868609905243
,6275,,,,0.41006478667259216
,6276,,,,0.1850152313709259
,6277,,,,0.34645551443099976
,6278,,,,0.48521125316619873
,6279,,,,0.15427610278129578
,6280,,,,0.49288293719291687
,6281,,,,0.08677588403224945
,6282,,,,0.4910876154899597
,6283,,,,0.21970710158348083
,6284,,,,0.2860138714313507
,6285,,,,0.13735002279281616
,6286,,,,0.15093249082565308
,6287,,,,0.09622910618782043
,6288,,,,0.15890952944755554
,6289,,,,0.3669939637184143
,6290,,,,0.17306303977966309
,6291,,,,0.14929991960525513
,6292,,,,0.2438488006591797
,6293,,,,0.045030683279037476
,6294,,,,0.08167792856693268
,6295,,,,0.14228081703186035
,6296,,,,0.14079052209854126
,6297,,,,0.32234978675842285
,6298,,,,0.21294432878494263
,6299,,,,0.25686120986938477
,6300,,,,0.21268141269683838
,6301,,,,0.06256967037916183
,6302,,,,0.3766160011291504
,6303,,,,0.09983302652835846
,6304,,,,0.10769382119178772
,6305,,,,0.06634899228811264
,6306,,,,0.2186022698879242
,6307,,,,0.1610267460346222
,6308,,,,0.07740244269371033
,6309,,,,0.16876456141471863
,6310,,,,0.22992321848869324
,6311,,,,0.190022811293602
,6312,,,,0.19173862040042877
,6313,,,,0.18747511506080627
,6314,,,,0.1683509647846222
,6315,,,,0.3198641538619995
,6316,,,,0.47674301266670227
,6317,,,,0.2437700629234314
,6318,,,,0.43687355518341064
,6319,,,,0.20842760801315308
,6320,,,,0.1698874533176422
,6321,,,,0.18808940052986145
,6322,,,,0.17270050942897797
,6323,,,,0.10878277570009232
,6324,,,,0.27746647596359253
,6325,,,,0.33892822265625
,6326,,,,0.12197662889957428
,6327,,,,0.09897816181182861
,6328,,,,0.07579515874385834
,6329,,,,0.31884512305259705
,6330,,,,0.22236576676368713
,6331,,,,0.07111876457929611
,6332,,,,0.10533799976110458
,6333,,,,0.14017079770565033
,6334,,,,0.029576120898127556
,6335,,,,0.06418925523757935
,6336,,,,0.05944953113794327
,6337,,,,0.05531802773475647
,6338,,,,0.0903141051530838
,6339,,,,0.1120045930147171
,6340,,,,0.08850448578596115
,6341,,,,0.07082568109035492
,6342,,,,0.13599777221679688
,6343,,,,0.14540264010429382
,6344,,,,0.09908866137266159
,6345,,,,0.20672588050365448
,6346,,,,0.049669988453388214
,6347,,,,0.08755295723676682
,6348,,,,0.10985808074474335
,6349,,,,0.25531768798828125
,6350,,,,0.2613130509853363
,6351,,,,0.27842414379119873
,6352,,,,0.5343054533004761
,6353,,,,0.17116928100585938
,6354,,,,0.28214406967163086
,6355,,,,0.3068917989730835
,6356,,,,0.16063478589057922
,6357,,,,0.0661884993314743
,6358,,,,0.17869673669338226
,6359,,,,0.230462908744812
,6360,,,,0.21390259265899658
,6361,,,,0.2039629966020584
,6362,,,,0.0996917188167572
,6363,,,,0.12582388520240784
,6364,,,,0.07828491926193237
,6365,,,,0.06095108389854431
,6366,,,,0.048366185277700424
,6367,,,,0.10400786250829697
,6368,,,,0.10708658397197723
,6369,,,,0.09701621532440186
,6370,,,,0.1491350531578064
,6371,,,,0.09012416005134583
,6372,,,,0.058120667934417725
,6373,,,,0.05381733924150467
,6374,,,,0.17337171733379364
,6375,,,,0.46601080894470215
,6376,,,,0.30624037981033325
,6377,,,,0.32294100522994995
,6378,,,,0.22605159878730774
,6379,,,,0.16482466459274292
,6380,,,,0.23388850688934326
,6381,,,,0.27913475036621094
,6382,,,,0.4197457730770111
,6383,,,,0.44922375679016113
,6384,,,,0.2857936918735504
,6385,,,,0.27965980768203735
,6386,,,,0.10783183574676514
,6387,,,,0.19017374515533447
,6388,,,,0.2510634958744049
,6389,,,,0.2179727405309677
,6390,,,,0.14101868867874146
,6391,,,,0.18382790684700012
,6392,,,,0.048576898872852325
,6393,,,,0.20255619287490845
,6394,,,,0.1016823947429657
,6395,,,,0.1398017406463623
,6396,,,,0.3135659694671631
,6397,,,,0.13384681940078735
,6398,,,,0.0607510581612587
,6399,,,,0.18303194642066956
,6400,,,,0.3671954274177551
,6401,,,,0.24030430614948273
,6402,,,,0.04506664350628853
,6403,,,,0.21551154553890228
,6404,,,,0.07617644965648651
,6405,,,,0.20762482285499573
,6406,,,,0.19365769624710083
,6407,,,,0.056271959096193314
,6408,,,,0.06204253062605858
,6409,,,,0.07371403276920319
,6410,,,,0.21898670494556427
,6411,,,,0.3607979416847229
,6412,,,,0.226884126663208
,6413,,,,0.05800813436508179
,6414,,,,0.34828490018844604
,6415,,,,0.1990986168384552
,6416,,,,0.15802732110023499
,6417,,,,0.20929965376853943
,6418,,,,0.11958619952201843
,6419,,,,0.39175811409950256
,6420,,,,0.4075767695903778
,6421,,,,0.3054574429988861
,6422,,,,0.14001590013504028
,6423,,,,0.10441825538873672
,6424,,,,0.33125001192092896
,6425,,,,0.22744320333003998
,6426,,,,0.8385941386222839
,6427,,,,0.2346465289592743
,6428,,,,0.16739772260189056
,6429,,,,0.3700861930847168
,6430,,,,0.1332017034292221
,6431,,,,0.3957511782646179
,6432,,,,0.38694122433662415
,6433,,,,0.2552277445793152
,6434,,,,0.12827250361442566
,6435,,,,0.3745740056037903
,6436,,,,0.13837316632270813
,6437,,,,0.32620251178741455
,6438,,,,0.22384420037269592
,6439,,,,0.10947440564632416
,6440,,,,0.18115317821502686
,6441,,,,0.26453763246536255
,6442,,,,0.29832011461257935
,6443,,,,0.3113771677017212
,6444,,,,0.2008095681667328
,6445,,,,0.29508471488952637
,6446,,,,0.10529766231775284
,6447,,,,0.33044931292533875
,6448,,,,0.20100972056388855
,6449,,,,0.6918858289718628
,6450,,,,0.34691640734672546
,6451,,,,0.14128878712654114
,6452,,,,0.20991048216819763
,6453,,,,0.5909007787704468
,6454,,,,0.6818534135818481
,6455,,,,0.1983807235956192
,6456,,,,0.6058392524719238
,6457,,,,0.33235615491867065
,6458,,,,0.24825528264045715
,6459,,,,0.27837836742401123
,6460,,,,0.1411432921886444
,6461,,,,0.4254918098449707
,6462,,,,0.14159932732582092
,6463,,,,0.28336888551712036
,6464,,,,0.22018441557884216
,6465,,,,0.49312877655029297
,6466,,,,0.19813446700572968
,6467,,,,0.15681129693984985
,6468,,,,0.47145789861679077
,6469,,,,0.16509491205215454
,6470,,,,0.2048214077949524
,6471,,,,0.17743588984012604
,6472,,,,0.21068689227104187
,6473,,,,0.2249443531036377
,6474,,,,0.1430613398551941
,6475,,,,0.37382346391677856
,6476,,,,0.27817749977111816
,6477,,,,0.18530289828777313
,6478,,,,0.13521739840507507
,6479,,,,0.05054469034075737
,6480,,,,0.13782092928886414
,6481,,,,0.06140299141407013
,6482,,,,0.34691861271858215
,6483,,,,0.2660186290740967
,6484,,,,0.19909998774528503
,6485,,,,0.2079090178012848
,6486,,,,0.22598204016685486
,6487,,,,0.3400508165359497
,6488,,,,0.2660691738128662
,6489,,,,0.08278349041938782
,6490,,,,0.08805544674396515
,6491,,,,0.3073650896549225
,6492,,,,0.3803577423095703
,6493,,,,0.17453885078430176
,6494,,,,0.4304612874984741
,6495,,,,0.24615857005119324
,6496,,,,0.13300403952598572
,6497,,,,0.04163408279418945
,6498,,,,0.05686283856630325
,6499,,,,0.12165162712335587
,6500,,,,0.13999754190444946
,6501,,,,0.288407564163208
,6502,,,,0.28296324610710144
,6503,,,,0.10096137225627899
,6504,,,,0.144474595785141
,6505,,,,0.23413926362991333
,6506,,,,0.08290579915046692
,6507,,,,0.42408931255340576
,6508,,,,0.3027225136756897
,6509,,,,0.10357080399990082
,6510,,,,0.161038339138031
,6511,,,,0.11190807819366455
,6512,,,,0.04492168128490448
,6513,,,,0.04517156630754471
,6514,,,,0.24104659259319305
,6515,,,,0.5055952668190002
,6516,,,,0.13296738266944885
,6517,,,,0.43597376346588135
,6518,,,,0.26679977774620056
,6519,,,,0.059207983314991
9,118129,,,0.23680876195430756,
9,118129,0.23191021382808685,,,
10,118149,,0.19370116293430328,,
10,118199,,0.25914400815963745,,
10,118249,,0.24745190143585205,,
10,118299,,0.2222677320241928,,
10,118349,,0.19536235928535461,,
10,118399,,0.29944908618927,,
10,118449,,0.25027942657470703,,
10,118499,,0.2301349639892578,,
10,118549,,0.20633311569690704,,
10,118599,,0.19760316610336304,,
10,118649,,0.2498440444469452,,
10,118699,,0.18600577116012573,,
10,118749,,0.21789687871932983,,
10,118799,,0.27211523056030273,,
10,118849,,0.24556025862693787,,
10,118899,,0.24410593509674072,,
10,118949,,0.2074974924325943,,
10,118999,,0.2542003393173218,,
10,119049,,0.24313195049762726,,
10,119099,,0.19698482751846313,,
10,119149,,0.23550862073898315,,
10,119199,,0.21585538983345032,,
10,119249,,0.2784469425678253,,
10,119299,,0.22465433180332184,,
10,119349,,0.20227372646331787,,
10,119399,,0.2221619337797165,,
10,119449,,0.25746873021125793,,
10,119499,,0.24523526430130005,,
10,119549,,0.2905951738357544,,
10,119599,,0.19698083400726318,,
10,119649,,0.28857889771461487,,
10,119699,,0.1754087507724762,,
10,119749,,0.20550678670406342,,
10,119799,,0.23085857927799225,,
10,119849,,0.25761678814888,,
10,119899,,0.2514212727546692,,
10,119949,,0.28858211636543274,,
10,119999,,0.24923375248908997,,
10,120049,,0.20391398668289185,,
10,120099,,0.23893195390701294,,
10,120149,,0.19717589020729065,,
10,120199,,0.22318118810653687,,
10,120249,,0.19043105840682983,,
10,120299,,0.25375840067863464,,
10,120349,,0.20178338885307312,,
10,120399,,0.27636682987213135,,
10,120449,,0.25591057538986206,,
10,120499,,0.2473871111869812,,
10,120549,,0.21662431955337524,,
10,120599,,0.18140345811843872,,
10,120649,,0.22543488442897797,,
10,120699,,0.2525447905063629,,
10,120749,,0.20239193737506866,,
10,120799,,0.25621265172958374,,
10,120849,,0.28948748111724854,,
10,120899,,0.2830090820789337,,
10,120949,,0.26055535674095154,,
10,120999,,0.22327324748039246,,
10,121049,,0.21825049817562103,,
10,121099,,0.20881517231464386,,
10,121149,,0.2009199559688568,,
10,121199,,0.20097976922988892,,
10,121249,,0.24595433473587036,,
10,121299,,0.2516341805458069,,
10,121349,,0.2944811284542084,,
10,121399,,0.2061992585659027,,
10,121449,,0.30473509430885315,,
10,121499,,0.26630163192749023,,
10,121549,,0.23539723455905914,,
10,121599,,0.22341428697109222,,
10,121649,,0.17250917851924896,,
10,121699,,0.20042599737644196,,
10,121749,,0.3203902840614319,,
10,121799,,0.26232820749282837,,
10,121849,,0.22300946712493896,,
10,121899,,0.20121923089027405,,
10,121949,,0.21303820610046387,,
10,121999,,0.2868630290031433,,
10,122049,,0.21501216292381287,,
10,122099,,0.19195771217346191,,
10,122149,,0.235370934009552,,
10,122199,,0.26663926243782043,,
10,122249,,0.19904252886772156,,
10,122299,,0.22319769859313965,,
10,122349,,0.2170182168483734,,
10,122399,,0.23199276626110077,,
10,122449,,0.18881334364414215,,
10,122499,,0.21193845570087433,,
10,122549,,0.25750666856765747,,
10,122599,,0.18959957361221313,,
10,122649,,0.22577238082885742,,
10,122699,,0.26017025113105774,,
10,122749,,0.18157076835632324,,
10,122799,,0.24856841564178467,,
10,122849,,0.29941439628601074,,
10,122899,,0.2315705120563507,,
10,122949,,0.16747263073921204,,
10,122999,,0.2392611801624298,,
10,123049,,0.20791125297546387,,
10,123099,,0.21544711291790009,,
10,123149,,0.1994611918926239,,
10,123199,,0.23696914315223694,,
10,123249,,0.18103812634944916,,
10,123299,,0.19938218593597412,,
10,123349,,0.21024149656295776,,
10,123399,,0.20161834359169006,,
10,123449,,0.27238303422927856,,
10,123499,,0.20988185703754425,,
10,123549,,0.22373348474502563,,
10,123599,,0.26157185435295105,,
10,123649,,0.20559030771255493,,
10,123699,,0.23664894700050354,,
10,123749,,0.1954643726348877,,
10,123799,,0.18613633513450623,,
10,123849,,0.2691654562950134,,
10,123899,,0.22191117703914642,,
10,123949,,0.1889113187789917,,
10,123999,,0.21766000986099243,,
10,124049,,0.2577333152294159,,
10,124099,,0.20271159708499908,,
10,124149,,0.21359476447105408,,
10,124199,,0.24969956278800964,,
10,124249,,0.22564874589443207,,
10,124299,,0.22988072037696838,,
10,124349,,0.22491779923439026,,
10,124399,,0.21556171774864197,,
10,124449,,0.29625844955444336,,
10,124499,,0.24058321118354797,,
10,124549,,0.20828142762184143,,
10,124599,,0.25823870301246643,,
10,124649,,0.2670239508152008,,
10,124699,,0.261812299489975,,
10,124749,,0.24133016169071198,,
10,124799,,0.1662832796573639,,
10,124849,,0.24123835563659668,,
10,124899,,0.22695226967334747,,
10,124949,,0.2413139045238495,,
10,124999,,0.22489488124847412,,
10,125049,,0.206922709941864,,
10,125099,,0.25582772493362427,,
10,125149,,0.25472867488861084,,
10,125199,,0.1986856460571289,,
10,125249,,0.2501605153083801,,
10,125299,,0.22840896248817444,,
10,125349,,0.24677005410194397,,
10,125399,,0.19310520589351654,,
10,125449,,0.22937409579753876,,
10,125499,,0.2545473277568817,,
10,125549,,0.2747456431388855,,
10,125599,,0.20305505394935608,,
10,125649,,0.245411679148674,,
10,125699,,0.23290349543094635,,
10,125749,,0.16848711669445038,,
10,125799,,0.20349250733852386,,
10,125849,,0.22880637645721436,,
10,125899,,0.25079989433288574,,
10,125949,,0.21222293376922607,,
10,125999,,0.1954689919948578,,
10,126049,,0.14250268042087555,,
10,126099,,0.24696803092956543,,
10,126149,,0.21260926127433777,,
10,126199,,0.17012597620487213,,
10,126249,,0.186448335647583,,
10,126299,,0.2605183720588684,,
10,126349,,0.20107439160346985,,
10,126399,,0.20169441401958466,,
10,126449,,0.21441219747066498,,
10,126499,,0.20770396292209625,,
10,126549,,0.24662727117538452,,
10,126599,,0.21836823225021362,,
10,126649,,0.2888466715812683,,
10,126699,,0.2680041790008545,,
10,126749,,0.20572590827941895,,
10,126799,,0.2194172441959381,,
10,126849,,0.23587076365947723,,
10,126899,,0.20145396888256073,,
10,126949,,0.2996552586555481,,
10,126999,,0.2364077866077423,,
10,127049,,0.260232150554657,,
10,127099,,0.19296982884407043,,
10,127149,,0.21158520877361298,,
10,127199,,0.17792317271232605,,
10,127249,,0.2677089273929596,,
10,127299,,0.22608715295791626,,
10,127349,,0.19244305789470673,,
10,127399,,0.2374955117702484,,
10,127449,,0.2463013380765915,,
10,127499,,0.2175046056509018,,
10,127549,,0.26244503259658813,,
10,127599,,0.21827557682991028,,
10,127649,,0.1588638424873352,,
10,127699,,0.30675044655799866,,
10,127749,,0.28354835510253906,,
10,127799,,0.2597934901714325,,
10,127849,,0.2548481225967407,,
10,127899,,0.20450159907341003,,
10,127949,,0.17729513347148895,,
10,127999,,0.23424018919467926,,
10,128049,,0.1723668873310089,,
10,128099,,0.2865317761898041,,
10,128149,,0.3101484775543213,,
10,128199,,0.2583194375038147,,
10,128249,,0.2532680034637451,,
10,128299,,0.22336536645889282,,
10,128349,,0.2331303358078003,,
10,128399,,0.18929603695869446,,
10,128449,,0.18083687126636505,,
10,128499,,0.21919623017311096,,
10,128549,,0.21741443872451782,,
10,128599,,0.2562597692012787,,
10,128649,,0.3012561798095703,,
10,128699,,0.21535572409629822,,
10,128749,,0.2506532073020935,,
10,128799,,0.29052484035491943,,
10,128849,,0.18565064668655396,,
10,128899,,0.2809756398200989,,
10,128949,,0.20536746084690094,,
10,128999,,0.19992953538894653,,
10,129049,,0.32373252511024475,,
10,129099,,0.23698216676712036,,
10,129149,,0.2163240611553192,,
10,129199,,0.2344621866941452,,
10,129249,,0.17491218447685242,,
10,129299,,0.18914014101028442,,
10,129349,,0.19922558963298798,,
10,129399,,0.21642717719078064,,
10,129449,,0.28123408555984497,,
10,129499,,0.22842204570770264,,
10,129549,,0.228419691324234,,
10,129599,,0.2518749237060547,,
10,129649,,0.33819615840911865,,
10,129699,,0.19412928819656372,,
10,129749,,0.1660681664943695,,
10,129799,,0.22236672043800354,,
10,129849,,0.19701999425888062,,
10,129899,,0.23662282526493073,,
,6520,,,,0.44116640090942383
,6521,,,,0.08477087318897247
,6522,,,,0.18807610869407654
,6523,,,,0.1984843611717224
,6524,,,,0.1016489714384079
,6525,,,,0.2603116035461426
,6526,,,,0.20110908150672913
,6527,,,,0.29012131690979004
,6528,,,,0.44523563981056213
,6529,,,,0.17789903283119202
,6530,,,,0.12863461673259735
,6531,,,,0.3003193140029907
,6532,,,,0.11424075812101364
,6533,,,,0.24705621600151062
,6534,,,,0.10301275551319122
,6535,,,,0.15248538553714752
,6536,,,,0.18980330228805542
,6537,,,,0.06896550208330154
,6538,,,,0.04442561790347099
,6539,,,,0.1055583506822586
,6540,,,,0.12930938601493835
,6541,,,,0.07225596904754639
,6542,,,,0.0671548917889595
,6543,,,,0.17060895264148712
,6544,,,,0.26037096977233887
,6545,,,,0.2296980321407318
,6546,,,,0.11225825548171997
,6547,,,,0.33133918046951294
,6548,,,,0.20780347287654877
,6549,,,,0.162624791264534
,6550,,,,0.11010143160820007
,6551,,,,0.30349501967430115
,6552,,,,0.1772373914718628
,6553,,,,0.17533504962921143
,6554,,,,0.13504400849342346
,6555,,,,0.10583360493183136
,6556,,,,0.08541844040155411
,6557,,,,0.07506273686885834
,6558,,,,0.43083393573760986
,6559,,,,0.4605356454849243
,6560,,,,0.3554908335208893
,6561,,,,0.3475704789161682
,6562,,,,0.4782840609550476
,6563,,,,0.7154780626296997
,6564,,,,0.29233884811401367
,6565,,,,0.4406629800796509
,6566,,,,0.20486348867416382
,6567,,,,0.3323480188846588
,6568,,,,0.22633878886699677
,6569,,,,0.1254836916923523
,6570,,,,0.16982311010360718
,6571,,,,0.09765589237213135
,6572,,,,0.16330090165138245
,6573,,,,0.2831583321094513
,6574,,,,0.2539539635181427
,6575,,,,0.1464245319366455
,6576,,,,0.17438238859176636
,6577,,,,0.15429973602294922
,6578,,,,0.18413327634334564
,6579,,,,0.142879918217659
,6580,,,,0.2512713670730591
,6581,,,,0.09864738583564758
,6582,,,,0.1653021275997162
,6583,,,,0.26248809695243835
,6584,,,,0.3485258221626282
,6585,,,,0.44654381275177
,6586,,,,0.25405192375183105
,6587,,,,0.27557235956192017
,6588,,,,0.08414468169212341
,6589,,,,0.03376644104719162
,6590,,,,0.19780564308166504
,6591,,,,0.2090112864971161
,6592,,,,0.24687790870666504
,6593,,,,0.23737111687660217
,6594,,,,0.14181916415691376
,6595,,,,0.1183282881975174
,6596,,,,0.2325037270784378
,6597,,,,0.18421025574207306
,6598,,,,0.4015255868434906
,6599,,,,0.3575740456581116
,6600,,,,0.20125116407871246
,6601,,,,0.22049111127853394
,6602,,,,0.09330779314041138
,6603,,,,0.2417788803577423
,6604,,,,0.21214434504508972
,6605,,,,0.16242355108261108
,6606,,,,0.09960220009088516
,6607,,,,0.27772772312164307
,6608,,,,0.3121119439601898
,6609,,,,0.15598827600479126
,6610,,,,0.59907466173172
,6611,,,,0.3370044529438019
,6612,,,,0.12613479793071747
,6613,,,,0.31272754073143005
,6614,,,,0.14418499171733856
,6615,,,,0.1537369191646576
,6616,,,,0.2808307409286499
,6617,,,,0.09631287306547165
,6618,,,,0.08403299748897552
,6619,,,,0.17516034841537476
,6620,,,,0.13905751705169678
,6621,,,,0.3658977150917053
,6622,,,,0.20615772902965546
,6623,,,,0.252239465713501
,6624,,,,0.15432852506637573
,6625,,,,0.24373656511306763
,6626,,,,0.2446085661649704
,6627,,,,0.19031478464603424
,6628,,,,0.3149937093257904
,6629,,,,0.14754538238048553
,6630,,,,0.04843590408563614
,6631,,,,0.2921851873397827
,6632,,,,0.264867901802063
,6633,,,,0.7025933265686035
,6634,,,,0.11002971231937408
,6635,,,,0.31988149881362915
,6636,,,,0.4475494623184204
,6637,,,,0.3582664132118225
,6638,,,,0.2040538787841797
,6639,,,,0.443173348903656
,6640,,,,0.22351564466953278
,6641,,,,0.25914159417152405
,6642,,,,0.21693533658981323
,6643,,,,0.217168390750885
,6644,,,,0.2651572823524475
,6645,,,,0.17150834202766418
,6646,,,,0.2359328269958496
,6647,,,,0.14163677394390106
,6648,,,,0.20797167718410492
,6649,,,,0.07623989135026932
,6650,,,,0.13082902133464813
,6651,,,,0.2032616287469864
,6652,,,,0.308975487947464
,6653,,,,0.23592691123485565
,6654,,,,0.17390434443950653
,6655,,,,0.5841636657714844
,6656,,,,0.20533475279808044
,6657,,,,0.49111902713775635
,6658,,,,0.2842494249343872
,6659,,,,0.22926731407642365
,6660,,,,0.14846022427082062
,6661,,,,0.2005511075258255
,6662,,,,0.25537800788879395
,6663,,,,0.21889524161815643
,6664,,,,0.12531283497810364
,6665,,,,0.25636327266693115
,6666,,,,0.42665940523147583
,6667,,,,0.1542355716228485
,6668,,,,0.158754363656044
,6669,,,,0.36570656299591064
,6670,,,,0.19935795664787292
,6671,,,,0.23274099826812744
,6672,,,,0.337892085313797
,6673,,,,0.2041132152080536
,6674,,,,0.09099572151899338
,6675,,,,0.7248530983924866
,6676,,,,0.3327937126159668
,6677,,,,0.5049997568130493
,6678,,,,0.5020953416824341
,6679,,,,0.1670350730419159
,6680,,,,0.3441438674926758
,6681,,,,0.06310495734214783
,6682,,,,0.18621334433555603
,6683,,,,0.1525791436433792
,6684,,,,0.24886921048164368
,6685,,,,0.19525673985481262
,6686,,,,0.1903439164161682
,6687,,,,0.19595620036125183
,6688,,,,0.14948058128356934
,6689,,,,0.5499893426895142
,6690,,,,0.14210587739944458
,6691,,,,0.22222286462783813
,6692,,,,0.2589781582355499
,6693,,,,0.14407052099704742
,6694,,,,0.06816132366657257
,6695,,,,0.49141013622283936
,6696,,,,0.23299406468868256
,6697,,,,0.20257842540740967
,6698,,,,0.21896234154701233
,6699,,,,0.18756061792373657
,6700,,,,0.23326441645622253
,6701,,,,0.09193733334541321
,6702,,,,0.1524534523487091
,6703,,,,0.09527932107448578
,6704,,,,0.36878713965415955
,6705,,,,0.18760867416858673
,6706,,,,0.21639153361320496
,6707,,,,0.42126786708831787
,6708,,,,0.11396082490682602
,6709,,,,0.12865351140499115
,6710,,,,0.13722464442253113
,6711,,,,0.25492963194847107
,6712,,,,0.060483209788799286
,6713,,,,0.06030234694480896
,6714,,,,0.07740519940853119
,6715,,,,0.294769287109375
,6716,,,,0.26223206520080566
,6717,,,,0.1210038810968399
,6718,,,,0.21508295834064484
,6719,,,,0.22770047187805176
,6720,,,,0.08994078636169434
,6721,,,,0.33803457021713257
,6722,,,,0.21881061792373657
,6723,,,,0.19785813987255096
,6724,,,,0.24311569333076477
,6725,,,,0.20232850313186646
,6726,,,,0.12316177040338516
,6727,,,,0.3789607882499695
,6728,,,,0.18791285157203674
,6729,,,,0.17373299598693848
,6730,,,,0.14315010607242584
,6731,,,,0.26738259196281433
,6732,,,,0.14325538277626038
,6733,,,,0.0810684934258461
,6734,,,,0.16580748558044434
,6735,,,,0.1797592043876648
,6736,,,,0.18449243903160095
,6737,,,,0.0924605131149292
,6738,,,,0.16369180381298065
,6739,,,,0.16971972584724426
,6740,,,,0.12053266167640686
,6741,,,,0.3522392511367798
,6742,,,,0.21200451254844666
,6743,,,,0.29178115725517273
,6744,,,,0.28801441192626953
,6745,,,,0.4512196183204651
,6746,,,,0.1585809588432312
,6747,,,,0.8306988477706909
,6748,,,,0.6481367945671082
,6749,,,,0.6092677116394043
,6750,,,,0.2900041937828064
,6751,,,,0.09018446505069733
,6752,,,,0.39509376883506775
,6753,,,,0.2600759267807007
,6754,,,,0.1966700404882431
,6755,,,,0.08022624254226685
,6756,,,,0.17231710255146027
,6757,,,,0.15398788452148438
,6758,,,,0.1427518129348755
,6759,,,,0.07228553295135498
,6760,,,,0.3143071234226227
,6761,,,,0.44240644574165344
,6762,,,,0.06635821610689163
,6763,,,,0.35394448041915894
,6764,,,,0.28272104263305664
,6765,,,,0.4841914772987366
,6766,,,,0.16028431057929993
,6767,,,,0.458848237991333
,6768,,,,0.4311685562133789
,6769,,,,0.12521697580814362
,6770,,,,0.2725566327571869
,6771,,,,0.39993366599082947
,6772,,,,0.6578895449638367
,6773,,,,0.5219377279281616
,6774,,,,0.3472138047218323
,6775,,,,0.1764366626739502
,6776,,,,0.11308035254478455
,6777,,,,0.12168287485837936
,6778,,,,0.09981691837310791
,6779,,,,0.13827310502529144
,6780,,,,0.30301207304000854
,6781,,,,0.5056955814361572
,6782,,,,0.11291651427745819
,6783,,,,0.2348184585571289
,6784,,,,0.3256988525390625
,6785,,,,0.46253862977027893
,6786,,,,0.5704100728034973
,6787,,,,0.4192348122596741
,6788,,,,0.4427008628845215
,6789,,,,0.188438281416893
,6790,,,,0.06270723044872284
,6791,,,,0.07030212879180908
,6792,,,,0.1963416039943695
,6793,,,,0.08133937418460846
,6794,,,,0.3524048924446106
,6795,,,,0.12731227278709412
,6796,,,,0.18539021909236908
,6797,,,,0.11550222337245941
,6798,,,,0.35373127460479736
,6799,,,,0.5935248136520386
,6800,,,,0.34352344274520874
,6801,,,,0.13568410277366638
,6802,,,,0.17920836806297302
,6803,,,,0.29773658514022827
,6804,,,,0.5041428804397583
,6805,,,,0.2588259279727936
,6806,,,,0.3715079426765442
,6807,,,,0.10047461837530136
,6808,,,,0.5509677529335022
,6809,,,,0.3180508017539978
,6810,,,,0.4163304269313812
,6811,,,,0.16627342998981476
,6812,,,,0.5382025241851807
,6813,,,,0.5297004580497742
,6814,,,,0.14506962895393372
,6815,,,,0.27929583191871643
,6816,,,,0.19109854102134705
,6817,,,,0.672369122505188
,6818,,,,0.30895930528640747
,6819,,,,0.3492104113101959
,6820,,,,0.2251746654510498
,6821,,,,0.07211767137050629
,6822,,,,0.2580583989620209
,6823,,,,0.2339121401309967
,6824,,,,0.16388899087905884
,6825,,,,0.16220127046108246
,6826,,,,0.5978325605392456
,6827,,,,0.14804501831531525
,6828,,,,0.20322546362876892
,6829,,,,0.053193338215351105
,6830,,,,0.41544535756111145
,6831,,,,0.360867440700531
,6832,,,,0.13128024339675903
,6833,,,,0.19105106592178345
,6834,,,,0.10815945267677307
,6835,,,,0.12297535687685013
,6836,,,,0.16783538460731506
,6837,,,,0.35902082920074463
,6838,,,,0.2510862648487091
,6839,,,,0.28549855947494507
,6840,,,,0.05476938188076019
,6841,,,,0.20160648226737976
,6842,,,,0.31125006079673767
,6843,,,,0.25787845253944397
,6844,,,,0.19910824298858643
,6845,,,,0.17246244847774506
,6846,,,,0.1531173586845398
,6847,,,,0.07693720608949661
,6848,,,,0.18902403116226196
,6849,,,,0.3626853823661804
,6850,,,,0.20077766478061676
,6851,,,,0.13758184015750885
,6852,,,,0.2280699461698532
,6853,,,,0.22423838078975677
,6854,,,,0.13390222191810608
,6855,,,,0.5274269580841064
,6856,,,,0.3813541829586029
,6857,,,,0.4089197516441345
,6858,,,,0.1811615526676178
,6859,,,,0.35373538732528687
,6860,,,,0.27371132373809814
,6861,,,,0.2116522192955017
,6862,,,,0.49940115213394165
,6863,,,,0.12830737233161926
,6864,,,,0.10594113171100616
,6865,,,,0.11272633075714111
,6866,,,,0.13697782158851624
,6867,,,,0.14430846273899078
,6868,,,,0.09725617617368698
,6869,,,,0.054593775421381
,6870,,,,0.2421216070652008
,6871,,,,0.1432303488254547
,6872,,,,0.20713940262794495
,6873,,,,0.4526974856853485
,6874,,,,0.18630219995975494
,6875,,,,0.4156731963157654
,6876,,,,0.5575636625289917
,6877,,,,0.3207329213619232
,6878,,,,0.2456851601600647
,6879,,,,0.06288286298513412
,6880,,,,0.13013756275177002
,6881,,,,0.19474664330482483
,6882,,,,0.17273302376270294
,6883,,,,0.4963173270225525
,6884,,,,0.41126370429992676
,6885,,,,0.2726384997367859
,6886,,,,0.13775834441184998
,6887,,,,0.5203930139541626
,6888,,,,0.10661715269088745
,6889,,,,0.6308287382125854
,6890,,,,0.2784908413887024
,6891,,,,0.6701064109802246
,6892,,,,0.41011252999305725
,6893,,,,0.23989970982074738
,6894,,,,0.5399285554885864
,6895,,,,0.3524976968765259
,6896,,,,0.648691713809967
,6897,,,,0.2389431744813919
,6898,,,,0.08259805291891098
,6899,,,,0.0940302312374115
,6900,,,,0.12211304903030396
,6901,,,,0.15807439386844635
,6902,,,,0.3329792022705078
,6903,,,,0.40396440029144287
,6904,,,,0.22208797931671143
,6905,,,,0.1932464838027954
,6906,,,,0.08804948627948761
,6907,,,,0.3641066551208496
,6908,,,,0.1489151418209076
,6909,,,,0.3309336304664612
,6910,,,,0.19757205247879028
,6911,,,,0.3058314919471741
,6912,,,,0.2988259792327881
,6913,,,,0.10111366212368011
,6914,,,,0.13623583316802979
,6915,,,,0.1900734305381775
,6916,,,,0.11786718666553497
,6917,,,,0.30283817648887634
,6918,,,,0.3518867492675781
,6919,,,,0.2361649125814438
,6920,,,,0.17447125911712646
,6921,,,,0.3355647921562195
,6922,,,,0.24080267548561096
,6923,,,,0.30803442001342773
,6924,,,,0.0952715277671814
,6925,,,,0.44961217045783997
,6926,,,,0.10237198323011398
,6927,,,,0.3524138033390045
,6928,,,,0.20964854955673218
,6929,,,,0.3061549663543701
,6930,,,,0.5006904602050781
,6931,,,,0.11747860163450241
,6932,,,,0.4720454216003418
,6933,,,,0.08360198140144348
,6934,,,,0.429212361574173
,6935,,,,0.24864280223846436
,6936,,,,0.2518150210380554
,6937,,,,0.1264706254005432
,6938,,,,0.17548665404319763
,6939,,,,0.1058741956949234
,6940,,,,0.17187924683094025
,6941,,,,0.40701013803482056
,6942,,,,0.1868165284395218
,6943,,,,0.15838025510311127
,6944,,,,0.2395457625389099
,6945,,,,0.05422676354646683
,6946,,,,0.09729596227407455
,6947,,,,0.1639675498008728
,6948,,,,0.14336159825325012
,6949,,,,0.2917659282684326
,6950,,,,0.15720269083976746
,6951,,,,0.20626865327358246
,6952,,,,0.1838911771774292
,6953,,,,0.08616903424263
,6954,,,,0.39267683029174805
,6955,,,,0.11409950256347656
,6956,,,,0.11658960580825806
,6957,,,,0.05820491164922714
,6958,,,,0.1664608120918274
,6959,,,,0.13621830940246582
,6960,,,,0.08184556663036346
,6961,,,,0.1875016689300537
,6962,,,,0.25981998443603516
,6963,,,,0.23480647802352905
,6964,,,,0.15586093068122864
,6965,,,,0.1660623997449875
,6966,,,,0.18606966733932495
,6967,,,,0.3542882800102234
,6968,,,,0.4681212306022644
,6969,,,,0.267533540725708
,6970,,,,0.4509866237640381
,6971,,,,0.21103845536708832
,6972,,,,0.1834278255701065
,6973,,,,0.1937236785888672
,6974,,,,0.1578603982925415
,6975,,,,0.09663181751966476
,6976,,,,0.30871373414993286
,6977,,,,0.322007417678833
,6978,,,,0.13741464912891388
,6979,,,,0.09090207517147064
,6980,,,,0.07434113323688507
,6981,,,,0.32643771171569824
,6982,,,,0.21302208304405212
,6983,,,,0.06900420784950256
,6984,,,,0.0765160471200943
,6985,,,,0.10994751751422882
,6986,,,,0.06752179563045502
,6987,,,,0.05665978416800499
,6988,,,,0.049835219979286194
,6989,,,,0.06454280018806458
,6990,,,,0.09393127262592316
,6991,,,,0.12770400941371918
,6992,,,,0.11456885188817978
,6993,,,,0.06736975163221359
,6994,,,,0.10978928953409195
,6995,,,,0.15343940258026123
,6996,,,,0.08470632135868073
,6997,,,,0.1956382691860199
,6998,,,,0.05651398003101349
,6999,,,,0.0894475132226944
,7000,,,,0.09652160853147507
,7001,,,,0.2511201500892639
,7002,,,,0.24715015292167664
,7003,,,,0.26086533069610596
,7004,,,,0.5807760953903198
,7005,,,,0.19866281747817993
,7006,,,,0.3027687668800354
,7007,,,,0.2524386942386627
,7008,,,,0.16206172108650208
,7009,,,,0.09065370261669159
,7010,,,,0.21013012528419495
,7011,,,,0.20710347592830658
,7012,,,,0.1885073184967041
,7013,,,,0.16250000894069672
,7014,,,,0.08299814164638519
,7015,,,,0.11368031054735184
,7016,,,,0.07027801871299744
,7017,,,,0.05875574052333832
,7018,,,,0.04547298699617386
,7019,,,,0.11881103366613388
,7020,,,,0.10579511523246765
,7021,,,,0.08512932807207108
,7022,,,,0.13650617003440857
,7023,,,,0.08272793889045715
,7024,,,,0.05283734202384949
,7025,,,,0.049591854214668274
,7026,,,,0.18573734164237976
,7027,,,,0.5215505957603455
,7028,,,,0.302854061126709
,7029,,,,0.32274129986763
,7030,,,,0.2529545724391937
,7031,,,,0.15644168853759766
,7032,,,,0.19820843636989594
,7033,,,,0.28236162662506104
,7034,,,,0.37674954533576965
,7035,,,,0.44120025634765625
,7036,,,,0.3190585672855377
,7037,,,,0.26209405064582825
,7038,,,,0.06455859541893005
,7039,,,,0.1331366002559662
,7040,,,,0.21399471163749695
,7041,,,,0.21780139207839966
,7042,,,,0.1335706263780594
,7043,,,,0.1936511993408203
,7044,,,,0.03857789933681488
,7045,,,,0.17981880903244019
,7046,,,,0.09727171063423157
,7047,,,,0.10325518250465393
,7048,,,,0.319074422121048
,7049,,,,0.14070238173007965
,7050,,,,0.05785374343395233
,7051,,,,0.19036638736724854
,7052,,,,0.3933504521846771
,7053,,,,0.21698319911956787
,7054,,,,0.04243767261505127
,7055,,,,0.2302950620651245
,7056,,,,0.06909245252609253
,7057,,,,0.21409037709236145
,7058,,,,0.2193092554807663
,7059,,,,0.07278803735971451
,7060,,,,0.07147637009620667
,7061,,,,0.07838879525661469
,7062,,,,0.2090834528207779
,7063,,,,0.36313241720199585
,7064,,,,0.1945873200893402
,7065,,,,0.0495896115899086
,7066,,,,0.36996883153915405
,7067,,,,0.20408666133880615
,7068,,,,0.168071910738945
,7069,,,,0.2330176830291748
,7070,,,,0.16161471605300903
,7071,,,,0.44095808267593384
,7072,,,,0.45565181970596313
,7073,,,,0.34985071420669556
,7074,,,,0.10433846712112427
,7075,,,,0.08534789085388184
,7076,,,,0.3181658685207367
,7077,,,,0.2328907549381256
,7078,,,,0.8611905574798584
,7079,,,,0.281436562538147
,7080,,,,0.19144541025161743
,7081,,,,0.40361642837524414
,7082,,,,0.11750131100416183
,7083,,,,0.38253068923950195
,7084,,,,0.3722524046897888
,7085,,,,0.24883010983467102
,7086,,,,0.10697020590305328
,7087,,,,0.3859194219112396
,7088,,,,0.12651196122169495
,7089,,,,0.311960905790329
,7090,,,,0.21641258895397186
,7091,,,,0.1051783412694931
,7092,,,,0.16506434977054596
,7093,,,,0.2596367597579956
,7094,,,,0.2944257855415344
,7095,,,,0.3058309555053711
,7096,,,,0.23511576652526855
,7097,,,,0.2863479256629944
,7098,,,,0.09572352468967438
,7099,,,,0.2871738076210022
,7100,,,,0.18264390528202057
,7101,,,,0.7278796434402466
,7102,,,,0.35897719860076904
,7103,,,,0.14840802550315857
,7104,,,,0.21836543083190918
,7105,,,,0.5412207841873169
,7106,,,,0.6604302525520325
,7107,,,,0.2214345932006836
,7108,,,,0.5798066854476929
,7109,,,,0.3878554403781891
,7110,,,,0.21997258067131042
,7111,,,,0.26774531602859497
,7112,,,,0.12177160382270813
,7113,,,,0.3985966444015503
,7114,,,,0.12814855575561523
,7115,,,,0.23508316278457642
,7116,,,,0.23425015807151794
,7117,,,,0.5672149658203125
,7118,,,,0.23544616997241974
,7119,,,,0.19852566719055176
,7120,,,,0.4905819594860077
,7121,,,,0.14497800171375275
,7122,,,,0.17699941992759705
,7123,,,,0.21347355842590332
,7124,,,,0.2345990389585495
,7125,,,,0.17726795375347137
,7126,,,,0.15038347244262695
,7127,,,,0.34009796380996704
,7128,,,,0.2765859365463257
,7129,,,,0.1873546987771988
,7130,,,,0.14404018223285675
,7131,,,,0.06254276633262634
,7132,,,,0.14783407747745514
,7133,,,,0.06223546713590622
,7134,,,,0.346174418926239
,7135,,,,0.2572210431098938
,7136,,,,0.19586029648780823
,7137,,,,0.18891194462776184
,7138,,,,0.20601454377174377
,7139,,,,0.3586331605911255
,7140,,,,0.3252704441547394
,7141,,,,0.08766990154981613
,7142,,,,0.14512041211128235
,7143,,,,0.28605419397354126
,7144,,,,0.3464117646217346
,7145,,,,0.1701831817626953
,7146,,,,0.4125891923904419
,7147,,,,0.23649631440639496
,7148,,,,0.11827626824378967
,7149,,,,0.05054028332233429
,7150,,,,0.07263180613517761
,7151,,,,0.15361753106117249
,7152,,,,0.12994210422039032
,7153,,,,0.30043575167655945
,7154,,,,0.28065311908721924
,7155,,,,0.1201927661895752
,7156,,,,0.17217881977558136
,7157,,,,0.251321405172348
,7158,,,,0.08552290499210358
,7159,,,,0.4030759036540985
,7160,,,,0.29005974531173706
,7161,,,,0.10917134582996368
,7162,,,,0.18560779094696045
,7163,,,,0.09305712580680847
,7164,,,,0.08410375565290451
,7165,,,,0.09416098147630692
,7166,,,,0.2203918695449829
,7167,,,,0.43500465154647827
,7168,,,,0.11780804395675659
,7169,,,,0.35761600732803345
,7170,,,,0.25707417726516724
,7171,,,,0.08873551338911057
10,129942,,,0.23505346477031708,
10,129942,0.23031550645828247,,,
11,129949,,0.21592628955841064,,
11,129999,,0.24002856016159058,,
11,130049,,0.22600314021110535,,
11,130099,,0.2061193585395813,,
11,130149,,0.22319425642490387,,
11,130199,,0.31951966881752014,,
11,130249,,0.1734599471092224,,
11,130299,,0.231672465801239,,
11,130349,,0.26819491386413574,,
11,130399,,0.2443307787179947,,
11,130449,,0.18827027082443237,,
11,130499,,0.23135116696357727,,
11,130549,,0.19496874511241913,,
11,130599,,0.2380417287349701,,
11,130649,,0.2328338325023651,,
11,130699,,0.18029874563217163,,
11,130749,,0.26097798347473145,,
11,130799,,0.22402474284172058,,
11,130849,,0.20891587436199188,,
11,130899,,0.25404438376426697,,
11,130949,,0.20042923092842102,,
11,130999,,0.21321174502372742,,
11,131049,,0.19113579392433167,,
11,131099,,0.19194766879081726,,
11,131149,,0.24121317267417908,,
11,131199,,0.2647280693054199,,
11,131249,,0.14399981498718262,,
11,131299,,0.2286355197429657,,
11,131349,,0.1744023561477661,,
11,131399,,0.20406809449195862,,
11,131449,,0.2089838981628418,,
11,131499,,0.1784432828426361,,
11,131549,,0.2054419070482254,,
11,131599,,0.1935187578201294,,
11,131649,,0.24864181876182556,,
11,131699,,0.19517691433429718,,
11,131749,,0.21906162798404694,,
11,131799,,0.25833019614219666,,
11,131849,,0.24719387292861938,,
11,131899,,0.1909576803445816,,
11,131949,,0.19542548060417175,,
11,131999,,0.2396838665008545,,
11,132049,,0.18396040797233582,,
11,132099,,0.21540069580078125,,
11,132149,,0.2238461971282959,,
11,132199,,0.2213159203529358,,
11,132249,,0.2669374942779541,,
11,132299,,0.1992277204990387,,
11,132349,,0.26231855154037476,,
11,132399,,0.22359031438827515,,
11,132449,,0.21289697289466858,,
11,132499,,0.24790441989898682,,
11,132549,,0.23477798700332642,,
11,132599,,0.28098925948143005,,
11,132649,,0.20837995409965515,,
11,132699,,0.2689898908138275,,
11,132749,,0.21940027177333832,,
11,132799,,0.23639677464962006,,
11,132849,,0.320161372423172,,
11,132899,,0.2092851847410202,,
11,132949,,0.2024070918560028,,
11,132999,,0.1985989511013031,,
11,133049,,0.2004474252462387,,
11,133099,,0.17975865304470062,,
11,133149,,0.2021753340959549,,
11,133199,,0.27019813656806946,,
11,133249,,0.29764318466186523,,
11,133299,,0.24355614185333252,,
11,133349,,0.21832410991191864,,
11,133399,,0.22796635329723358,,
11,133449,,0.2761707007884979,,
11,133499,,0.23984676599502563,,
11,133549,,0.23346860706806183,,
11,133599,,0.22480234503746033,,
11,133649,,0.2839704751968384,,
11,133699,,0.16843241453170776,,
11,133749,,0.21317043900489807,,
11,133799,,0.20155569911003113,,
11,133849,,0.22743216156959534,,
11,133899,,0.237160786986351,,
11,133949,,0.2583586573600769,,
11,133999,,0.2216172069311142,,
11,134049,,0.27358222007751465,,
11,134099,,0.17269642651081085,,
11,134149,,0.2585630416870117,,
11,134199,,0.23516127467155457,,
11,134249,,0.2682685852050781,,
11,134299,,0.22852015495300293,,
11,134349,,0.2420085072517395,,
11,134399,,0.15711452066898346,,
11,134449,,0.25548383593559265,,
11,134499,,0.2008928656578064,,
11,134549,,0.21941840648651123,,
11,134599,,0.19497257471084595,,
11,134649,,0.26428067684173584,,
11,134699,,0.21786580979824066,,
11,134749,,0.2141036093235016,,
11,134799,,0.17347995936870575,,
11,134849,,0.2508792579174042,,
11,134899,,0.20845359563827515,,
11,134949,,0.19875884056091309,,
11,134999,,0.25650304555892944,,
11,135049,,0.26539960503578186,,
11,135099,,0.23314574360847473,,
11,135149,,0.21312519907951355,,
11,135199,,0.20523709058761597,,
11,135249,,0.23834799230098724,,
11,135299,,0.26993313431739807,,
11,135349,,0.20134559273719788,,
11,135399,,0.263086199760437,,
11,135449,,0.20150336623191833,,
11,135499,,0.2156628668308258,,
11,135549,,0.26355618238449097,,
11,135599,,0.18030285835266113,,
11,135649,,0.19628362357616425,,
11,135699,,0.2743804454803467,,
11,135749,,0.2328195869922638,,
11,135799,,0.311611533164978,,
11,135849,,0.19852840900421143,,
11,135899,,0.21615466475486755,,
11,135949,,0.261968731880188,,
11,135999,,0.22580620646476746,,
11,136049,,0.24877700209617615,,
11,136099,,0.2389300912618637,,
11,136149,,0.2839363217353821,,
11,136199,,0.20245149731636047,,
11,136249,,0.2383308708667755,,
11,136299,,0.20818933844566345,,
11,136349,,0.23812860250473022,,
11,136399,,0.23800282180309296,,
11,136449,,0.23527614772319794,,
11,136499,,0.23768407106399536,,
11,136549,,0.19519200921058655,,
11,136599,,0.18042922019958496,,
11,136649,,0.2695887088775635,,
11,136699,,0.16704313457012177,,
11,136749,,0.20949548482894897,,
11,136799,,0.30520594120025635,,
11,136849,,0.26146477460861206,,
11,136899,,0.28275051712989807,,
11,136949,,0.21443414688110352,,
11,136999,,0.2158079296350479,,
11,137049,,0.1520305573940277,,
11,137099,,0.18325093388557434,,
11,137149,,0.23086771368980408,,
11,137199,,0.2615334391593933,,
11,137249,,0.18334218859672546,,
11,137299,,0.23571330308914185,,
11,137349,,0.2266448736190796,,
11,137399,,0.2456049621105194,,
11,137449,,0.1602250188589096,,
11,137499,,0.28638553619384766,,
11,137549,,0.21891671419143677,,
11,137599,,0.26557040214538574,,
11,137649,,0.24481774866580963,,
11,137699,,0.211912602186203,,
11,137749,,0.22294415533542633,,
11,137799,,0.21185556054115295,,
11,137849,,0.19975493848323822,,
11,137899,,0.26995930075645447,,
11,137949,,0.1992393434047699,,
11,137999,,0.22064536809921265,,
11,138049,,0.220199316740036,,
11,138099,,0.2585024833679199,,
11,138149,,0.1886058747768402,,
11,138199,,0.28383636474609375,,
11,138249,,0.1757063865661621,,
11,138299,,0.24541941285133362,,
11,138349,,0.2604105770587921,,
11,138399,,0.1985633671283722,,
11,138449,,0.2130262404680252,,
11,138499,,0.20484799146652222,,
11,138549,,0.1786617785692215,,
11,138599,,0.2263251096010208,,
11,138649,,0.26028940081596375,,
11,138699,,0.27934667468070984,,
11,138749,,0.22656217217445374,,
11,138799,,0.28947800397872925,,
11,138849,,0.22046324610710144,,
11,138899,,0.2786588966846466,,
11,138949,,0.2243717759847641,,
11,138999,,0.2523145079612732,,
11,139049,,0.21584327518939972,,
11,139099,,0.2928352653980255,,
11,139149,,0.23920190334320068,,
11,139199,,0.220952570438385,,
11,139249,,0.26910126209259033,,
11,139299,,0.2306329756975174,,
11,139349,,0.21832075715065002,,
11,139399,,0.2309403121471405,,
11,139449,,0.24596521258354187,,
11,139499,,0.28803402185440063,,
11,139549,,0.25611117482185364,,
11,139599,,0.23990023136138916,,
11,139649,,0.3145754039287567,,
11,139699,,0.2728634178638458,,
11,139749,,0.20941853523254395,,
11,139799,,0.2419465184211731,,
11,139849,,0.24823525547981262,,
11,139899,,0.26600372791290283,,
11,139949,,0.21473635733127594,,
11,139999,,0.26085758209228516,,
11,140049,,0.2401532530784607,,
11,140099,,0.21954314410686493,,
11,140149,,0.24945031106472015,,
11,140199,,0.22587339580059052,,
11,140249,,0.2656821608543396,,
11,140299,,0.24401280283927917,,
11,140349,,0.23761045932769775,,
11,140399,,0.2415902316570282,,
11,140449,,0.29070305824279785,,
11,140499,,0.21952754259109497,,
11,140549,,0.2704715132713318,,
11,140599,,0.29161345958709717,,
11,140649,,0.2096118927001953,,
11,140699,,0.20291253924369812,,
11,140749,,0.22829164564609528,,
11,140799,,0.22175654768943787,,
11,140849,,0.28735893964767456,,
11,140899,,0.22818708419799805,,
11,140949,,0.26854902505874634,,
11,140999,,0.22207599878311157,,
11,141049,,0.17567598819732666,,
11,141099,,0.23302742838859558,,
11,141149,,0.24628500640392303,,
11,141199,,0.19875100255012512,,
11,141249,,0.1904948353767395,,
11,141299,,0.20211195945739746,,
11,141349,,0.20754626393318176,,
11,141399,,0.20377640426158905,,
11,141449,,0.20186272263526917,,
11,141499,,0.24265402555465698,,
11,141549,,0.16441310942173004,,
11,141599,,0.21407859027385712,,
11,141649,,0.23712089657783508,,
11,141699,,0.28810784220695496,,
11,141749,,0.2636930048465729,,
,7172,,,,0.47532525658607483
,7173,,,,0.11622270941734314
,7174,,,,0.21833962202072144
,7175,,,,0.18060864508152008
,7176,,,,0.11521855741739273
,7177,,,,0.29395949840545654
,7178,,,,0.18512046337127686
,7179,,,,0.29502034187316895
,7180,,,,0.4092852473258972
,7181,,,,0.21237865090370178
,7182,,,,0.12107419967651367
,7183,,,,0.3589523434638977
,7184,,,,0.14523455500602722
,7185,,,,0.27120351791381836
,7186,,,,0.12165768444538116
,7187,,,,0.15869808197021484
,7188,,,,0.19468730688095093
,7189,,,,0.06757102906703949
,7190,,,,0.045422330498695374
,7191,,,,0.08953523635864258
,7192,,,,0.11262857913970947
,7193,,,,0.0708099901676178
,7194,,,,0.06105206906795502
,7195,,,,0.18659436702728271
,7196,,,,0.2765165865421295
,7197,,,,0.22668282687664032
,7198,,,,0.12700796127319336
,7199,,,,0.33010491728782654
,7200,,,,0.21591651439666748
,7201,,,,0.17952647805213928
,7202,,,,0.12133341282606125
,7203,,,,0.28369230031967163
,7204,,,,0.1606731116771698
,7205,,,,0.20316337049007416
,7206,,,,0.12185969948768616
,7207,,,,0.11834597587585449
,7208,,,,0.11070483922958374
,7209,,,,0.0727495476603508
,7210,,,,0.43533024191856384
,7211,,,,0.44177040457725525
,7212,,,,0.35683053731918335
,7213,,,,0.3483489751815796
,7214,,,,0.47870078682899475
,7215,,,,0.7039673328399658
,7216,,,,0.3017354905605316
,7217,,,,0.2810213565826416
,7218,,,,0.1929086595773697
,7219,,,,0.227994903922081
,7220,,,,0.20069456100463867
,7221,,,,0.08125735819339752
,7222,,,,0.13791696727275848
,7223,,,,0.10184405744075775
,7224,,,,0.20064571499824524
,7225,,,,0.28420132398605347
,7226,,,,0.28777793049812317
,7227,,,,0.14954981207847595
,7228,,,,0.1630127876996994
,7229,,,,0.1587349772453308
,7230,,,,0.17504823207855225
,7231,,,,0.1300637573003769
,7232,,,,0.2320878505706787
,7233,,,,0.16095855832099915
,7234,,,,0.14997589588165283
,7235,,,,0.2503977417945862
,7236,,,,0.3472443222999573
,7237,,,,0.3880089521408081
,7238,,,,0.2743718922138214
,7239,,,,0.24920736253261566
,7240,,,,0.09899304807186127
,7241,,,,0.05654618516564369
,7242,,,,0.1456659436225891
,7243,,,,0.2157081514596939
,7244,,,,0.2988359332084656
,7245,,,,0.2248617708683014
,7246,,,,0.13735002279281616
,7247,,,,0.11426711082458496
,7248,,,,0.2608543634414673
,7249,,,,0.2108973264694214
,7250,,,,0.4148104786872864
,7251,,,,0.36056941747665405
,7252,,,,0.22070664167404175
,7253,,,,0.2948368191719055
,7254,,,,0.09471316635608673
,7255,,,,0.302977979183197
,7256,,,,0.16398480534553528
,7257,,,,0.13359376788139343
,7258,,,,0.07734079658985138
,7259,,,,0.2694780230522156
,7260,,,,0.40919584035873413
,7261,,,,0.16030189394950867
,7262,,,,0.7221418619155884
,7263,,,,0.31230029463768005
,7264,,,,0.14582541584968567
,7265,,,,0.27965396642684937
,7266,,,,0.17329169809818268
,7267,,,,0.17863252758979797
,7268,,,,0.25179073214530945
,7269,,,,0.0851212739944458
,7270,,,,0.1001613438129425
,7271,,,,0.17607244849205017
,7272,,,,0.1404438018798828
,7273,,,,0.40241098403930664
,7274,,,,0.1954740583896637
,7275,,,,0.25987720489501953
,7276,,,,0.13319388031959534
,7277,,,,0.18286362290382385
,7278,,,,0.15401878952980042
,7279,,,,0.19316332042217255
,7280,,,,0.21830332279205322
,7281,,,,0.13787242770195007
,7282,,,,0.14815403521060944
,7283,,,,0.30990520119667053
,7284,,,,0.25878989696502686
,7285,,,,0.7281503677368164
,7286,,,,0.09539376199245453
,7287,,,,0.299753338098526
,7288,,,,0.4594680368900299
,7289,,,,0.26930439472198486
,7290,,,,0.200046107172966
,7291,,,,0.3373865485191345
,7292,,,,0.2203606516122818
,7293,,,,0.20566846430301666
,7294,,,,0.19222207367420197
,7295,,,,0.20440751314163208
,7296,,,,0.203235924243927
,7297,,,,0.16889992356300354
,7298,,,,0.1906815767288208
,7299,,,,0.13016867637634277
,7300,,,,0.22003304958343506
,7301,,,,0.06937834620475769
,7302,,,,0.14142689108848572
,7303,,,,0.20705202221870422
,7304,,,,0.29767024517059326
,7305,,,,0.21402226388454437
,7306,,,,0.16475744545459747
,7307,,,,0.582406759262085
,7308,,,,0.21697577834129333
,7309,,,,0.5173968076705933
,7310,,,,0.28434470295906067
,7311,,,,0.2069554328918457
,7312,,,,0.16317249834537506
,7313,,,,0.22808590531349182
,7314,,,,0.28214481472969055
,7315,,,,0.25125521421432495
,7316,,,,0.1119195967912674
,7317,,,,0.2665743827819824
,7318,,,,0.40450775623321533
,7319,,,,0.1461053192615509
,7320,,,,0.11808367073535919
,7321,,,,0.33634260296821594
,7322,,,,0.19832618534564972
,7323,,,,0.21447686851024628
,7324,,,,0.3463326692581177
,7325,,,,0.1700645387172699
,7326,,,,0.08646342158317566
,7327,,,,0.6918713450431824
,7328,,,,0.3452080488204956
,7329,,,,0.4930250942707062
,7330,,,,0.4833396077156067
,7331,,,,0.20460772514343262
,7332,,,,0.35876381397247314
,7333,,,,0.06520196050405502
,7334,,,,0.16291195154190063
,7335,,,,0.145806685090065
,7336,,,,0.23330490291118622
,7337,,,,0.19247978925704956
,7338,,,,0.20611920952796936
,7339,,,,0.21363934874534607
,7340,,,,0.1458459198474884
,7341,,,,0.5534587502479553
,7342,,,,0.14207857847213745
,7343,,,,0.259055495262146
,7344,,,,0.2832126021385193
,7345,,,,0.18367844820022583
,7346,,,,0.0592627190053463
,7347,,,,0.4950094223022461
,7348,,,,0.22586438059806824
,7349,,,,0.18871310353279114
,7350,,,,0.22060465812683105
,7351,,,,0.1842878758907318
,7352,,,,0.24731051921844482
,7353,,,,0.09593161940574646
,7354,,,,0.1448630690574646
,7355,,,,0.08645398914813995
,7356,,,,0.3894338011741638
,7357,,,,0.20458737015724182
,7358,,,,0.21936550736427307
,7359,,,,0.44445478916168213
,7360,,,,0.12247303873300552
,7361,,,,0.137129545211792
,7362,,,,0.15784238278865814
,7363,,,,0.27582302689552307
,7364,,,,0.06472219526767731
,7365,,,,0.053290076553821564
,7366,,,,0.07280626893043518
,7367,,,,0.2817796468734741
,7368,,,,0.20948533713817596
,7369,,,,0.12135040760040283
,7370,,,,0.21219892799854279
,7371,,,,0.2071235328912735
,7372,,,,0.058339495211839676
,7373,,,,0.308134526014328
,7374,,,,0.19486789405345917
,7375,,,,0.19820883870124817
,7376,,,,0.2637387216091156
,7377,,,,0.21260863542556763
,7378,,,,0.1147068440914154
,7379,,,,0.40494871139526367
,7380,,,,0.18922418355941772
,7381,,,,0.18074363470077515
,7382,,,,0.14668233692646027
,7383,,,,0.25414037704467773
,7384,,,,0.15242981910705566
,7385,,,,0.07837195694446564
,7386,,,,0.178147554397583
,7387,,,,0.17009882628917694
,7388,,,,0.1815505027770996
,7389,,,,0.10042495280504227
,7390,,,,0.16277578473091125
,7391,,,,0.16218209266662598
,7392,,,,0.12013879418373108
,7393,,,,0.35615694522857666
,7394,,,,0.19318023324012756
,7395,,,,0.2709866762161255
,7396,,,,0.2865462303161621
,7397,,,,0.4514305591583252
,7398,,,,0.16338121891021729
,7399,,,,0.8813146352767944
,7400,,,,0.6623164415359497
,7401,,,,0.612640380859375
,7402,,,,0.3306928277015686
,7403,,,,0.09525485336780548
,7404,,,,0.42174333333969116
,7405,,,,0.2776592969894409
,7406,,,,0.21910996735095978
,7407,,,,0.07920290529727936
,7408,,,,0.16525009274482727
,7409,,,,0.12944278120994568
,7410,,,,0.15765976905822754
,7411,,,,0.0699675977230072
,7412,,,,0.3120386004447937
,7413,,,,0.4752678871154785
,7414,,,,0.060425467789173126
,7415,,,,0.3341609239578247
,7416,,,,0.27157750725746155
,7417,,,,0.48181307315826416
,7418,,,,0.16550594568252563
,7419,,,,0.4404377043247223
,7420,,,,0.4090537428855896
,7421,,,,0.1178121268749237
,7422,,,,0.28067436814308167
,7423,,,,0.419027179479599
,7424,,,,0.6350882053375244
,7425,,,,0.499612033367157
,7426,,,,0.2973477244377136
,7427,,,,0.1870955377817154
,7428,,,,0.12021461874246597
,7429,,,,0.1200290322303772
,7430,,,,0.08882320672273636
,7431,,,,0.11755108088254929
,7432,,,,0.28178671002388
,7433,,,,0.4652285873889923
,7434,,,,0.11690127849578857
,7435,,,,0.23282814025878906
,7436,,,,0.3336330056190491
,7437,,,,0.42697763442993164
,7438,,,,0.5737431645393372
,7439,,,,0.42728304862976074
,7440,,,,0.5116814374923706
,7441,,,,0.17995138466358185
,7442,,,,0.06269805133342743
,7443,,,,0.05523424595594406
,7444,,,,0.20390695333480835
,7445,,,,0.07456359267234802
,7446,,,,0.3482874929904938
,7447,,,,0.12845948338508606
,7448,,,,0.1812107414007187
,7449,,,,0.13426439464092255
,7450,,,,0.36758559942245483
,7451,,,,0.5796318054199219
,7452,,,,0.34009844064712524
,7453,,,,0.1398257613182068
,7454,,,,0.18120980262756348
,7455,,,,0.28530871868133545
,7456,,,,0.5237997770309448
,7457,,,,0.2564970850944519
,7458,,,,0.3832968473434448
,7459,,,,0.09803532063961029
,7460,,,,0.6077227592468262
,7461,,,,0.3181871175765991
,7462,,,,0.38584375381469727
,7463,,,,0.13896633684635162
,7464,,,,0.4982845187187195
,7465,,,,0.5061266422271729
,7466,,,,0.12070261687040329
,7467,,,,0.2659275531768799
,7468,,,,0.16717618703842163
,7469,,,,0.690341055393219
,7470,,,,0.2847824692726135
,7471,,,,0.36122655868530273
,7472,,,,0.23647969961166382
,7473,,,,0.07163563370704651
,7474,,,,0.28818631172180176
,7475,,,,0.2242256999015808
,7476,,,,0.18385633826255798
,7477,,,,0.16551688313484192
,7478,,,,0.6284286975860596
,7479,,,,0.13858067989349365
,7480,,,,0.2156181037425995
,7481,,,,0.052845537662506104
,7482,,,,0.4242420792579651
,7483,,,,0.38037192821502686
,7484,,,,0.12781928479671478
,7485,,,,0.1848067045211792
,7486,,,,0.11219899356365204
,7487,,,,0.13561668992042542
,7488,,,,0.16652627289295197
,7489,,,,0.38634011149406433
,7490,,,,0.24372872710227966
,7491,,,,0.27097201347351074
,7492,,,,0.058892324566841125
,7493,,,,0.25062885880470276
,7494,,,,0.3425043821334839
,7495,,,,0.23795650899410248
,7496,,,,0.1768241673707962
,7497,,,,0.16129818558692932
,7498,,,,0.14575731754302979
,7499,,,,0.10087572038173676
,7500,,,,0.1949617564678192
,7501,,,,0.3478313684463501
,7502,,,,0.18660584092140198
,7503,,,,0.15188592672348022
,7504,,,,0.20946314930915833
,7505,,,,0.1984059363603592
,7506,,,,0.13357824087142944
,7507,,,,0.553001880645752
,7508,,,,0.41261568665504456
,7509,,,,0.406293123960495
,7510,,,,0.15186196565628052
,7511,,,,0.37629956007003784
,7512,,,,0.23959550261497498
,7513,,,,0.19315120577812195
,7514,,,,0.4997407793998718
,7515,,,,0.15044885873794556
,7516,,,,0.10353557765483856
,7517,,,,0.11895455420017242
,7518,,,,0.1290883719921112
,7519,,,,0.1287045031785965
,7520,,,,0.09957374632358551
,7521,,,,0.06824808567762375
,7522,,,,0.23894083499908447
,7523,,,,0.15548135340213776
,7524,,,,0.19985923171043396
,7525,,,,0.4321684241294861
,7526,,,,0.19382008910179138
,7527,,,,0.4056969881057739
,7528,,,,0.4943585991859436
,7529,,,,0.28875067830085754
,7530,,,,0.25402718782424927
,7531,,,,0.0637742429971695
,7532,,,,0.11554592102766037
,7533,,,,0.1859091818332672
,7534,,,,0.15660031139850616
,7535,,,,0.48362258076667786
,7536,,,,0.40191650390625
,7537,,,,0.2750098705291748
,7538,,,,0.1517607569694519
,7539,,,,0.5640093684196472
,7540,,,,0.11135147511959076
,7541,,,,0.6939130425453186
,7542,,,,0.2602849304676056
,7543,,,,0.7054823637008667
,7544,,,,0.39473408460617065
,7545,,,,0.23105233907699585
,7546,,,,0.5442673563957214
,7547,,,,0.30983757972717285
,7548,,,,0.6612772941589355
,7549,,,,0.19993112981319427
,7550,,,,0.07807803899049759
,7551,,,,0.08686590194702148
,7552,,,,0.21916882693767548
,7553,,,,0.17604747414588928
,7554,,,,0.3563781976699829
,7555,,,,0.40878385305404663
,7556,,,,0.1767810583114624
,7557,,,,0.22720974683761597
,7558,,,,0.07733698189258575
,7559,,,,0.3787824511528015
,7560,,,,0.13408558070659637
,7561,,,,0.3580068349838257
,7562,,,,0.20029182732105255
,7563,,,,0.29964011907577515
,7564,,,,0.285213828086853
,7565,,,,0.10198824107646942
,7566,,,,0.137841135263443
,7567,,,,0.169025719165802
,7568,,,,0.11497017741203308
,7569,,,,0.316352903842926
,7570,,,,0.38825204968452454
,7571,,,,0.23517674207687378
,7572,,,,0.22508926689624786
,7573,,,,0.37006044387817383
,7574,,,,0.23107285797595978
,7575,,,,0.3315553069114685
,7576,,,,0.1009889766573906
,7577,,,,0.4543873369693756
,7578,,,,0.1324320137500763
,7579,,,,0.40890777111053467
,7580,,,,0.2128446251153946
,7581,,,,0.3247632384300232
,7582,,,,0.5336817502975464
,7583,,,,0.11793780326843262
,7584,,,,0.5217297077178955
,7585,,,,0.07767219841480255
,7586,,,,0.44368791580200195
,7587,,,,0.22211921215057373
,7588,,,,0.24935179948806763
,7589,,,,0.14812740683555603
,7590,,,,0.17930570244789124
,7591,,,,0.07976536452770233
,7592,,,,0.17575320601463318
,7593,,,,0.3982326090335846
,7594,,,,0.18696334958076477
,7595,,,,0.1596672236919403
,7596,,,,0.2505777180194855
,7597,,,,0.059732139110565186
,7598,,,,0.08759109675884247
,7599,,,,0.15914559364318848
,7600,,,,0.14211414754390717
,7601,,,,0.28677546977996826
,7602,,,,0.13382083177566528
,7603,,,,0.23376625776290894
,7604,,,,0.1454419195652008
,7605,,,,0.06420205533504486
,7606,,,,0.32133498787879944
,7607,,,,0.09598377346992493
,7608,,,,0.14275550842285156
,7609,,,,0.06940056383609772
,7610,,,,0.17537064850330353
,7611,,,,0.12702322006225586
,7612,,,,0.07671980559825897
,7613,,,,0.2396797090768814
,7614,,,,0.22965186834335327
,7615,,,,0.16085949540138245
,7616,,,,0.174420565366745
,7617,,,,0.1766422688961029
,7618,,,,0.17456763982772827
,7619,,,,0.3594680428504944
,7620,,,,0.45707517862319946
,7621,,,,0.26715630292892456
,7622,,,,0.45660051703453064
,7623,,,,0.2152843177318573
,7624,,,,0.1904590129852295
,7625,,,,0.19499236345291138
,7626,,,,0.1617962121963501
,7627,,,,0.09848155081272125
,7628,,,,0.30470603704452515
,7629,,,,0.37863868474960327
,7630,,,,0.12478075176477432
,7631,,,,0.09560860693454742
,7632,,,,0.0516979917883873
,7633,,,,0.3433198928833008
,7634,,,,0.22801370918750763
,7635,,,,0.07166843116283417
,7636,,,,0.09426043182611465
,7637,,,,0.12099812924861908
,7638,,,,0.025280416011810303
,7639,,,,0.06445911526679993
,7640,,,,0.07579007744789124
,7641,,,,0.054483138024806976
,7642,,,,0.08706210553646088
,7643,,,,0.13045015931129456
,7644,,,,0.10438885539770126
,7645,,,,0.07981110364198685
,7646,,,,0.1350584179162979
,7647,,,,0.1693725436925888
,7648,,,,0.09745656698942184
,7649,,,,0.21470986306667328
,7650,,,,0.047840435057878494
,7651,,,,0.08902861922979355
,7652,,,,0.11461956799030304
,7653,,,,0.2519722282886505
,7654,,,,0.2529706060886383
,7655,,,,0.2725869417190552
,7656,,,,0.5317105054855347
,7657,,,,0.16743160784244537
,7658,,,,0.24366119503974915
,7659,,,,0.2832842469215393
,7660,,,,0.16509748995304108
,7661,,,,0.06787315756082535
,7662,,,,0.19263562560081482
,7663,,,,0.24907289445400238
,7664,,,,0.2146616280078888
,7665,,,,0.21361416578292847
,7666,,,,0.11249691247940063
,7667,,,,0.14062854647636414
,7668,,,,0.08175316452980042
,7669,,,,0.061274297535419464
,7670,,,,0.05174613371491432
,7671,,,,0.1251230537891388
,7672,,,,0.11941032856702805
,7673,,,,0.09996180236339569
,7674,,,,0.131046324968338
,7675,,,,0.09474272280931473
,7676,,,,0.051294177770614624
,7677,,,,0.05369115620851517
,7678,,,,0.17854154109954834
,7679,,,,0.47360140085220337
,7680,,,,0.3218763470649719
,7681,,,,0.33964216709136963
,7682,,,,0.25863075256347656
,7683,,,,0.1624358743429184
,7684,,,,0.2180223912000656
,7685,,,,0.276629239320755
,7686,,,,0.41180896759033203
,7687,,,,0.43392372131347656
,7688,,,,0.29484814405441284
,7689,,,,0.31575942039489746
,7690,,,,0.08356721699237823
,7691,,,,0.17711776494979858
,7692,,,,0.26322299242019653
,7693,,,,0.2074074149131775
,7694,,,,0.13244736194610596
,7695,,,,0.20105144381523132
,7696,,,,0.0394199974834919
,7697,,,,0.18213674426078796
,7698,,,,0.0972878634929657
,7699,,,,0.14013242721557617
,7700,,,,0.3320058584213257
,7701,,,,0.16518305242061615
,7702,,,,0.09193021804094315
,7703,,,,0.16461855173110962
,7704,,,,0.3305501937866211
,7705,,,,0.2494809478521347
,7706,,,,0.05659513175487518
,7707,,,,0.21596010029315948
,7708,,,,0.10094182938337326
,7709,,,,0.2198667824268341
,7710,,,,0.17339521646499634
,7711,,,,0.043045006692409515
,7712,,,,0.08197495341300964
,7713,,,,0.09594690799713135
,7714,,,,0.2531238794326782
,7715,,,,0.29014167189598083
,7716,,,,0.24025897681713104
,7717,,,,0.10985415428876877
,7718,,,,0.4103657305240631
,7719,,,,0.21219447255134583
,7720,,,,0.1877046823501587
,7721,,,,0.2075425088405609
,7722,,,,0.13291382789611816
,7723,,,,0.412487268447876
,7724,,,,0.42366456985473633
,7725,,,,0.31387877464294434
,7726,,,,0.12180699408054352
,7727,,,,0.09950664639472961
,7728,,,,0.3250310719013214
,7729,,,,0.2286430448293686
,7730,,,,0.8693546056747437
,7731,,,,0.2560120224952698
,7732,,,,0.14590027928352356
,7733,,,,0.3834333121776581
,7734,,,,0.1387242078781128
,7735,,,,0.37365442514419556
,7736,,,,0.38105541467666626
,7737,,,,0.25697749853134155
,7738,,,,0.1276669204235077
,7739,,,,0.4083292484283447
,7740,,,,0.12903323769569397
,7741,,,,0.3236072361469269
,7742,,,,0.1994064450263977
,7743,,,,0.10169417411088943
,7744,,,,0.15434101223945618
,7745,,,,0.2948232889175415
,7746,,,,0.2900209426879883
,7747,,,,0.2699640095233917
,7748,,,,0.19552278518676758
,7749,,,,0.2115725874900818
,7750,,,,0.08624961972236633
,7751,,,,0.21088270843029022
,7752,,,,0.17395377159118652
,7753,,,,0.8004462718963623
,7754,,,,0.37910011410713196
,7755,,,,0.15051111578941345
,7756,,,,0.22828403115272522
,7757,,,,0.6102540493011475
,7758,,,,0.614355206489563
,7759,,,,0.17623507976531982
,7760,,,,0.5490380525588989
,7761,,,,0.3067147135734558
,7762,,,,0.1481725424528122
,7763,,,,0.20580706000328064
,7764,,,,0.13808561861515045
,7765,,,,0.3297962546348572
,7766,,,,0.09341965615749359
,7767,,,,0.14626674354076385
,7768,,,,0.22407308220863342
,7769,,,,0.6173134446144104
,7770,,,,0.2702861428260803
,7771,,,,0.23090076446533203
,7772,,,,0.5078322887420654
,7773,,,,0.1504397690296173
,7774,,,,0.1879616677761078
,7775,,,,0.18040665984153748
,7776,,,,0.23811912536621094
,7777,,,,0.226312518119812
,7778,,,,0.16169145703315735
,7779,,,,0.35432249307632446
,7780,,,,0.2820011377334595
,7781,,,,0.17078329622745514
,7782,,,,0.14853745698928833
,7783,,,,0.06671511381864548
,7784,,,,0.14903685450553894
,7785,,,,0.0633510947227478
,7786,,,,0.34460246562957764
,7787,,,,0.219519704580307
,7788,,,,0.19421517848968506
,7789,,,,0.17186981439590454
,7790,,,,0.19640982151031494
,7791,,,,0.4338887333869934
,7792,,,,0.38180768489837646
,7793,,,,0.08095500618219376
,7794,,,,0.1521533727645874
,7795,,,,0.3033006191253662
,7796,,,,0.3181057572364807
,7797,,,,0.15724053978919983
,7798,,,,0.3944472074508667
,7799,,,,0.20513847470283508
,7800,,,,0.15960916876792908
,7801,,,,0.08420689404010773
,7802,,,,0.08622187376022339
,7803,,,,0.19875650107860565
,7804,,,,0.13481631875038147
,7805,,,,0.31477290391921997
,7806,,,,0.30825045704841614
,7807,,,,0.11352544277906418
,7808,,,,0.17376932501792908
,7809,,,,0.23130548000335693
,7810,,,,0.08496379852294922
,7811,,,,0.40057337284088135
,7812,,,,0.2784246802330017
,7813,,,,0.14074799418449402
,7814,,,,0.18187856674194336
,7815,,,,0.0772295668721199
,7816,,,,0.09864990413188934
,7817,,,,0.12606365978717804
,7818,,,,0.21804487705230713
,7819,,,,0.37647515535354614
,7820,,,,0.17410501837730408
,7821,,,,0.3033074736595154
,7822,,,,0.32619786262512207
,7823,,,,0.12805664539337158
11,141755,,,0.2354082316160202,
11,141755,0.2288656085729599,,,
